[2026-02-18 12:59:15] [INFO] [tushare-collect] [quotes] ==================================================
[2026-02-18 12:59:15] [INFO] [tushare-collect] [quotes] 开始执行定时任务
[2026-02-18 12:59:15] [INFO] [tushare-collect] [quotes] 执行时间: 2026-02-18 12:59:15.381627
[2026-02-18 12:59:15] [INFO] [tushare-collect] [quotes] ==================================================
[2026-02-18 12:59:34] [INFO] [tushare-collect] [quotes] ==================================================
[2026-02-18 12:59:34] [INFO] [tushare-collect] [quotes] 开始执行定时任务
[2026-02-18 12:59:34] [INFO] [tushare-collect] [quotes] 执行时间: 2026-02-18 12:59:34.518672
[2026-02-18 12:59:34] [INFO] [tushare-collect] [quotes] ==================================================
[2026-02-18 12:59:34] [INFO] [tushare-collect] [quotes] ==================================================
[2026-02-18 12:59:34] [INFO] [tushare-collect] [quotes] 定时任务完成
[2026-02-18 12:59:34] [INFO] [tushare-collect] [quotes] ==================================================
[2026-02-18 13:03:58] [INFO] [tushare-collect] [quotes] ==================================================
[2026-02-18 13:03:58] [INFO] [tushare-collect] [quotes] 开始执行定时任务
[2026-02-18 13:03:58] [INFO] [tushare-collect] [quotes] 执行时间: 2026-02-18 13:03:58.428320
[2026-02-18 13:03:58] [INFO] [tushare-collect] [quotes] ==================================================
[2026-02-18 13:03:58] [INFO] [tushare-collect] [quotes] ==================================================
[2026-02-18 13:03:58] [INFO] [tushare-collect] [quotes] 定时任务完成
[2026-02-18 13:03:58] [INFO] [tushare-collect] [quotes] ==================================================
[2026-02-18 13:04:14] [INFO] [tushare-collect] [quotes] ==================================================
[2026-02-18 13:04:14] [INFO] [tushare-collect] [quotes] 开始执行定时任务
[2026-02-18 13:04:14] [INFO] [tushare-collect] [quotes] 执行时间: 2026-02-18 13:04:14.090934
[2026-02-18 13:04:14] [INFO] [tushare-collect] [quotes] ==================================================
[2026-02-18 13:04:14] [INFO] [tushare-collect] [quotes] ==================================================
[2026-02-18 13:04:14] [INFO] [tushare-collect] [quotes] 定时任务完成
[2026-02-18 13:04:14] [INFO] [tushare-collect] [quotes] ==================================================
[2026-02-18 13:06:50] [INFO] [tushare-collect] [quotes] ==================================================
[2026-02-18 13:06:50] [INFO] [tushare-collect] [quotes] 开始执行定时任务
[2026-02-18 13:06:50] [INFO] [tushare-collect] [quotes] 执行时间: 2026-02-18 13:06:50.678436
[2026-02-18 13:06:50] [INFO] [tushare-collect] [quotes] ==================================================
[2026-02-18 13:06:50] [INFO] [tushare-collect] [quotes] ==================================================
[2026-02-18 13:06:50] [INFO] [tushare-collect] [quotes] 定时任务完成
[2026-02-18 13:06:50] [INFO] [tushare-collect] [quotes] ==================================================
[2026-02-18 13:10:06] [INFO] [tushare-collect] [quotes] ==================================================
[2026-02-18 13:10:06] [INFO] [tushare-collect] [quotes] 开始执行定时任务
[2026-02-18 13:10:06] [INFO] [tushare-collect] [quotes] 执行时间: 2026-02-18 13:10:06.603978
[2026-02-18 13:10:06] [INFO] [tushare-collect] [quotes] ==================================================
[2026-02-18 13:10:06] [INFO] [tushare-collect] [quotes] ==================================================
[2026-02-18 13:10:06] [INFO] [tushare-collect] [quotes] 定时任务完成
[2026-02-18 13:10:06] [INFO] [tushare-collect] [quotes] ==================================================
[2026-02-18 13:14:08] [INFO] [tushare-collect] [quotes] ==================================================
[2026-02-18 13:14:08] [INFO] [tushare-collect] [quotes] 开始执行定时任务
[2026-02-18 13:14:08] [INFO] [tushare-collect] [quotes] 执行时间: 2026-02-18 13:14:08.022167
[2026-02-18 13:14:08] [INFO] [tushare-collect] [quotes] ==================================================
[2026-02-18 13:14:08] [INFO] [tushare-collect] [quotes] ==================================================
[2026-02-18 13:14:08] [INFO] [tushare-collect] [quotes] 定时任务完成
[2026-02-18 13:14:08] [INFO] [tushare-collect] [quotes] ==================================================
[2026-02-18 13:15:33] [INFO] [tushare-collect] [quotes] ==================================================
[2026-02-18 13:15:33] [INFO] [tushare-collect] [quotes] 开始执行定时任务
[2026-02-18 13:15:33] [INFO] [tushare-collect] [quotes] 执行时间: 2026-02-18 13:15:33.130377
[2026-02-18 13:15:33] [INFO] [tushare-collect] [quotes] ==================================================
[2026-02-18 13:15:33] [INFO] [tushare-collect] [quotes] ==================================================
[2026-02-18 13:15:33] [INFO] [tushare-collect] [quotes] 定时任务完成
[2026-02-18 13:15:33] [INFO] [tushare-collect] [quotes] ==================================================
[2026-02-18 14:11:28] [INFO] [tushare-collect] [quotes] ==================================================
[2026-02-18 14:11:28] [INFO] [tushare-collect] [quotes] 开始执行定时任务
[2026-02-18 14:11:28] [INFO] [tushare-collect] [quotes] 执行时间: 2026-02-18 14:11:28.439857
[2026-02-18 14:11:28] [INFO] [tushare-collect] [quotes] ==================================================
[2026-02-18 14:11:28] [INFO] [tushare-collect] 开始采集Tushare数据: trade_cal
[2026-02-18 14:11:29] [INFO] [tushare-collect] 成功采集trade_cal数据，数据为空
[2026-02-18 14:11:29] [INFO] [tushare-collect] 开始采集Tushare数据: trade_cal
[2026-02-18 14:11:29] [INFO] [tushare-collect] 成功采集14条trade_cal数据
[2026-02-18 14:11:29] [INFO] [tushare-collect] [quotes] 本周最后交易日: None
[2026-02-18 14:11:29] [INFO] [tushare-collect] [quotes] 本月最后交易日: 20260202
[2026-02-18 14:12:00] [INFO] [tushare-collect] [quotes] ==================================================
[2026-02-18 14:12:00] [INFO] [tushare-collect] [quotes] 开始执行定时任务
[2026-02-18 14:12:00] [INFO] [tushare-collect] [quotes] 执行时间: 2026-02-18 14:12:00.247913
[2026-02-18 14:12:00] [INFO] [tushare-collect] [quotes] ==================================================
[2026-02-18 14:12:00] [INFO] [tushare-collect] 开始采集Tushare数据: trade_cal
[2026-02-18 14:12:00] [INFO] [tushare-collect] 成功采集3条trade_cal数据
[2026-02-18 14:12:00] [INFO] [tushare-collect] 开始采集Tushare数据: trade_cal
[2026-02-18 14:12:00] [INFO] [tushare-collect] 成功采集23条trade_cal数据
[2026-02-18 14:12:00] [INFO] [tushare-collect] [quotes] 本周最后交易日: 20251229
[2026-02-18 14:12:00] [INFO] [tushare-collect] [quotes] 本月最后交易日: 20251201
[2026-02-18 14:21:08] [INFO] [tushare-collect] [quotes] ==================================================
[2026-02-18 14:21:08] [INFO] [tushare-collect] [quotes] 开始执行定时任务
[2026-02-18 14:21:08] [INFO] [tushare-collect] [quotes] 执行时间: 2026-02-18 14:21:08.853083
[2026-02-18 14:21:08] [INFO] [tushare-collect] [quotes] ==================================================
[2026-02-18 14:21:08] [INFO] [tushare-collect] 开始采集Tushare数据: trade_cal
[2026-02-18 14:21:09] [INFO] [tushare-collect] 成功采集3条trade_cal数据
[2026-02-18 14:21:09] [INFO] [tushare-collect] 开始采集Tushare数据: trade_cal
[2026-02-18 14:21:09] [INFO] [tushare-collect] 成功采集23条trade_cal数据
[2026-02-18 14:21:09] [INFO] [tushare-collect] [quotes] 本周最后交易日: 20251231
[2026-02-18 14:21:09] [INFO] [tushare-collect] [quotes] 本月最后交易日: 20251231
[2026-02-18 14:26:16] [INFO] [tushare-collect] [quotes] ==================================================
[2026-02-18 14:26:16] [INFO] [tushare-collect] [quotes] 开始执行定时任务
[2026-02-18 14:26:16] [INFO] [tushare-collect] [quotes] 执行时间: 2026-02-18 14:26:16.300237
[2026-02-18 14:26:16] [INFO] [tushare-collect] [quotes] ==================================================
[2026-02-18 14:26:16] [INFO] [tushare-collect] 开始采集Tushare数据: trade_cal
[2026-02-18 14:26:16] [INFO] [tushare-collect] 成功采集3条trade_cal数据
[2026-02-18 14:26:16] [INFO] [tushare-collect] 开始采集Tushare数据: trade_cal
[2026-02-18 14:26:17] [INFO] [tushare-collect] 成功采集23条trade_cal数据
[2026-02-18 14:26:17] [INFO] [tushare-collect] [quotes] 本周最后交易日: 20251231
[2026-02-18 14:26:17] [INFO] [tushare-collect] [quotes] 本月最后交易日: 20251231
[2026-02-18 14:28:00] [INFO] [tushare-collect] [quotes] ==================================================
[2026-02-18 14:28:00] [INFO] [tushare-collect] [quotes] 开始执行定时任务
[2026-02-18 14:28:00] [INFO] [tushare-collect] [quotes] 执行时间: 2026-02-18 14:28:00.558483
[2026-02-18 14:28:00] [INFO] [tushare-collect] [quotes] ==================================================
[2026-02-18 14:28:00] [INFO] [tushare-collect] 开始采集Tushare数据: trade_cal
[2026-02-18 14:28:00] [INFO] [tushare-collect] 成功采集5条trade_cal数据
[2026-02-18 14:28:00] [INFO] [tushare-collect] 开始采集Tushare数据: trade_cal
[2026-02-18 14:28:01] [INFO] [tushare-collect] 成功采集14条trade_cal数据
[2026-02-18 14:28:01] [INFO] [tushare-collect] [quotes] 本周最后交易日: 20260213
[2026-02-18 14:28:01] [INFO] [tushare-collect] [quotes] 本月最后交易日: 20260227
[2026-02-18 14:29:20] [INFO] [tushare-collect] [quotes] ==================================================
[2026-02-18 14:29:20] [INFO] [tushare-collect] [quotes] 开始执行定时任务
[2026-02-18 14:29:20] [INFO] [tushare-collect] [quotes] 执行时间: 2026-02-18 14:29:20.906204
[2026-02-18 14:29:20] [INFO] [tushare-collect] [quotes] ==================================================
[2026-02-18 14:29:20] [INFO] [tushare-collect] 开始采集Tushare数据: trade_cal
[2026-02-18 14:29:21] [INFO] [tushare-collect] 成功采集trade_cal数据，数据为空
[2026-02-18 14:29:21] [INFO] [tushare-collect] 开始采集Tushare数据: trade_cal
[2026-02-18 14:29:22] [INFO] [tushare-collect] 成功采集14条trade_cal数据
[2026-02-18 14:29:22] [INFO] [tushare-collect] [quotes] 本周最后交易日: None
[2026-02-18 14:29:22] [INFO] [tushare-collect] [quotes] 本月最后交易日: 20260227
[2026-02-18 14:30:44] [INFO] [tushare-collect] [quotes] ==================================================
[2026-02-18 14:30:44] [INFO] [tushare-collect] [quotes] 开始执行定时任务
[2026-02-18 14:30:44] [INFO] [tushare-collect] [quotes] 执行时间: 2026-02-18 14:30:44.983160
[2026-02-18 14:30:44] [INFO] [tushare-collect] [quotes] ==================================================
[2026-02-18 14:30:45] [INFO] [tushare-collect] 开始采集Tushare数据: trade_cal
[2026-02-18 14:30:45] [INFO] [tushare-collect] 成功采集trade_cal数据，数据为空
[2026-02-18 14:30:45] [INFO] [tushare-collect] 开始采集Tushare数据: trade_cal
[2026-02-18 14:30:45] [INFO] [tushare-collect] 成功采集14条trade_cal数据
[2026-02-18 14:30:45] [INFO] [tushare-collect] [quotes] 本周最后交易日: None
[2026-02-18 14:30:45] [INFO] [tushare-collect] [quotes] 本月最后交易日: 20260227
[2026-02-18 14:33:23] [INFO] [tushare-collect] [quotes] ==================================================
[2026-02-18 14:33:23] [INFO] [tushare-collect] [quotes] 开始执行定时任务
[2026-02-18 14:33:23] [INFO] [tushare-collect] [quotes] 执行时间: 2026-02-18 14:33:23.952533
[2026-02-18 14:33:23] [INFO] [tushare-collect] [quotes] ==================================================
[2026-02-18 14:33:24] [INFO] [tushare-collect] 开始采集Tushare数据: trade_cal
[2026-02-18 14:33:24] [INFO] [tushare-collect] 成功采集trade_cal数据，数据为空
[2026-02-18 14:33:24] [INFO] [tushare-collect] 开始采集Tushare数据: trade_cal
[2026-02-18 14:33:25] [INFO] [tushare-collect] 成功采集14条trade_cal数据
[2026-02-18 14:33:25] [INFO] [tushare-collect] [quotes] 本周最后交易日: None
[2026-02-18 14:33:25] [INFO] [tushare-collect] [quotes] 本月最后交易日: 20260227
[2026-02-18 14:33:57] [INFO] [tushare-collect] 开始采集Tushare数据: trade_cal
[2026-02-18 14:33:57] [INFO] [tushare-collect] 成功采集trade_cal数据，数据为空
[2026-02-18 14:39:22] [INFO] [tushare-collect] [quotes] ==================================================
[2026-02-18 14:39:22] [INFO] [tushare-collect] [quotes] 开始执行定时任务
[2026-02-18 14:39:22] [INFO] [tushare-collect] [quotes] 执行时间: 2026-02-18 14:39:22.497859
[2026-02-18 14:39:22] [INFO] [tushare-collect] [quotes] ==================================================
[2026-02-18 14:39:22] [INFO] [tushare-collect] 开始采集Tushare数据: trade_cal
[2026-02-18 14:39:22] [INFO] [tushare-collect] 成功采集4条trade_cal数据
[2026-02-18 14:39:23] [INFO] [tushare-collect] 开始采集Tushare数据: trade_cal
[2026-02-18 14:39:23] [INFO] [tushare-collect] 成功采集14条trade_cal数据
[2026-02-18 14:39:23] [INFO] [tushare-collect] [quotes] 本周最后交易日: 20260227
[2026-02-18 14:39:23] [INFO] [tushare-collect] [quotes] 本月最后交易日: 20260227
[2026-02-18 14:40:04] [INFO] [tushare-collect] [quotes] ==================================================
[2026-02-18 14:40:04] [INFO] [tushare-collect] [quotes] 开始执行定时任务
[2026-02-18 14:40:04] [INFO] [tushare-collect] [quotes] 执行时间: 2026-02-18 14:40:04.723759
[2026-02-18 14:40:04] [INFO] [tushare-collect] [quotes] ==================================================
[2026-02-18 14:40:04] [INFO] [tushare-collect] 开始采集Tushare数据: trade_cal
[2026-02-18 14:40:05] [INFO] [tushare-collect] 成功采集trade_cal数据，数据为空
[2026-02-18 14:40:05] [INFO] [tushare-collect] 开始采集Tushare数据: trade_cal
[2026-02-18 14:40:06] [INFO] [tushare-collect] 成功采集14条trade_cal数据
[2026-02-18 14:40:06] [INFO] [tushare-collect] [quotes] 本周最后交易日: None
[2026-02-18 14:40:06] [INFO] [tushare-collect] [quotes] 本月最后交易日: 20260227
[2026-02-18 14:40:45] [INFO] [tushare-collect] [quotes] ==================================================
[2026-02-18 14:40:45] [INFO] [tushare-collect] [quotes] 开始执行定时任务
[2026-02-18 14:40:45] [INFO] [tushare-collect] [quotes] 执行时间: 2026-02-18 14:40:45.880630
[2026-02-18 14:40:45] [INFO] [tushare-collect] [quotes] ==================================================
[2026-02-18 14:40:45] [INFO] [tushare-collect] 开始采集Tushare数据: trade_cal
[2026-02-18 14:40:46] [INFO] [tushare-collect] 成功采集5条trade_cal数据
[2026-02-18 14:40:46] [INFO] [tushare-collect] 开始采集Tushare数据: trade_cal
[2026-02-18 14:40:46] [INFO] [tushare-collect] 成功采集14条trade_cal数据
[2026-02-18 14:40:46] [INFO] [tushare-collect] [quotes] 本周最后交易日: 20260213
[2026-02-18 14:40:46] [INFO] [tushare-collect] [quotes] 本月最后交易日: 20260227
[2026-02-18 14:52:24] [INFO] [tushare-collect] [quotes] ==================================================
[2026-02-18 14:52:24] [INFO] [tushare-collect] [quotes] 开始执行定时任务
[2026-02-18 14:52:24] [INFO] [tushare-collect] [quotes] 执行时间: 2026-02-18 14:52:24.009880
[2026-02-18 14:52:24] [INFO] [tushare-collect] [quotes] ==================================================
[2026-02-18 14:52:24] [INFO] [tushare-collect] 开始采集Tushare数据: trade_cal
[2026-02-18 14:52:24] [INFO] [tushare-collect] 成功采集5条trade_cal数据
[2026-02-18 14:52:24] [INFO] [tushare-collect] 开始采集Tushare数据: trade_cal
[2026-02-18 14:52:24] [INFO] [tushare-collect] 成功采集14条trade_cal数据
[2026-02-18 14:52:24] [INFO] [tushare-collect] [quotes] 本周最后交易日: 20260213
[2026-02-18 14:52:24] [INFO] [tushare-collect] [quotes] 本月最后交易日: 20260227
[2026-02-18 14:52:24] [INFO] [tushare-collect] [weekly] 采集参数: {'method': 'weekly', 'trade_date': '20260213', 'fields': '*'}
[2026-02-18 14:52:24] [INFO] [tushare-collect] 开始采集Tushare数据: weekly
[2026-02-18 14:52:26] [INFO] [tushare-collect] 成功采集2000条weekly数据
[2026-02-18 14:52:26] [INFO] [tushare-collect] [weekly] 第1页,获取 2000 条数据
[2026-02-18 14:52:26] [INFO] [tushare-collect] 开始采集Tushare数据: weekly
[2026-02-18 14:52:28] [INFO] [tushare-collect] 成功采集2000条weekly数据
[2026-02-18 14:52:28] [INFO] [tushare-collect] [weekly] 第2页,获取 2000 条数据
[2026-02-18 14:52:28] [INFO] [tushare-collect] 开始采集Tushare数据: weekly
[2026-02-18 14:52:29] [INFO] [tushare-collect] 成功采集1555条weekly数据
[2026-02-18 14:52:29] [INFO] [tushare-collect] [weekly] 第3页,获取 1555 条数据
[2026-02-18 14:52:29] [INFO] [tushare-collect] 开始采集Tushare数据: weekly
[2026-02-18 14:52:29] [INFO] [tushare-collect] 成功采集weekly数据，数据为空
[2026-02-18 14:52:29] [INFO] [tushare-collect] [weekly] 采集完成,共 5555 条数据
[2026-02-18 14:52:30] [INFO] [tushare-collect] upsert 受影响 5555 行
[2026-02-18 14:52:30] [INFO] [tushare-collect] 保存 5555 条数据到aistockzml_tushare_weekly，模式: incremental
[2026-02-18 14:52:30] [INFO] [tushare-collect] [weekly] 数据保存成功(incremental),共 5555 条
[2026-02-18 15:38:20] [INFO] [tushare-collect] [quotes] ==================================================
[2026-02-18 15:38:20] [INFO] [tushare-collect] [quotes] 开始执行定时任务
[2026-02-18 15:38:20] [INFO] [tushare-collect] [quotes] 执行时间: 2026-02-18 15:38:20.208737
[2026-02-18 15:38:20] [INFO] [tushare-collect] [quotes] ==================================================
[2026-02-18 15:38:20] [INFO] [tushare-collect] 开始采集Tushare数据: trade_cal
[2026-02-18 15:38:20] [INFO] [tushare-collect] 成功采集5条trade_cal数据
[2026-02-18 15:38:20] [INFO] [tushare-collect] 开始采集Tushare数据: trade_cal
[2026-02-18 15:38:20] [INFO] [tushare-collect] 成功采集20条trade_cal数据
[2026-02-18 15:38:20] [INFO] [tushare-collect] [quotes] 本周最后交易日: 20260116
[2026-02-18 15:38:20] [INFO] [tushare-collect] [quotes] 本月最后交易日: 20260130
[2026-02-18 15:38:20] [INFO] [tushare-collect] [monthly] 采集参数: {'method': 'monthly', 'trade_date': '20260130', 'fields': '*'}
[2026-02-18 15:38:20] [INFO] [tushare-collect] 开始采集Tushare数据: monthly
[2026-02-18 15:38:21] [INFO] [tushare-collect] 成功采集2000条monthly数据
[2026-02-18 15:38:21] [INFO] [tushare-collect] [monthly] 第1页,获取 2000 条数据
[2026-02-18 15:38:21] [INFO] [tushare-collect] 开始采集Tushare数据: monthly
[2026-02-18 15:38:22] [INFO] [tushare-collect] 成功采集2000条monthly数据
[2026-02-18 15:38:22] [INFO] [tushare-collect] [monthly] 第2页,获取 2000 条数据
[2026-02-18 15:38:22] [INFO] [tushare-collect] 开始采集Tushare数据: monthly
[2026-02-18 15:38:24] [INFO] [tushare-collect] 成功采集1557条monthly数据
[2026-02-18 15:38:24] [INFO] [tushare-collect] [monthly] 第3页,获取 1557 条数据
[2026-02-18 15:38:24] [INFO] [tushare-collect] 开始采集Tushare数据: monthly
[2026-02-18 15:38:24] [INFO] [tushare-collect] 成功采集monthly数据，数据为空
[2026-02-18 15:38:24] [INFO] [tushare-collect] [monthly] 采集完成,共 5557 条数据
[2026-02-18 15:38:26] [INFO] [tushare-collect] upsert 受影响 5557 行
[2026-02-18 15:38:26] [INFO] [tushare-collect] 保存 5557 条数据到aistockzml_tushare_monthly，模式: incremental
[2026-02-18 15:38:26] [INFO] [tushare-collect] [monthly] 数据保存成功(incremental),共 5557 条
[2026-02-18 16:03:41] [INFO] [tushare-collect] [quotes] ==================================================
[2026-02-18 16:03:41] [INFO] [tushare-collect] [quotes] 执行时间: 2026-02-18 16:03:41.128972
[2026-02-18 16:03:41] [INFO] [tushare-collect] 开始采集Tushare数据: trade_cal
[2026-02-18 16:03:41] [INFO] [tushare-collect] 成功采集5条trade_cal数据
[2026-02-18 16:03:41] [INFO] [tushare-collect] 开始采集Tushare数据: trade_cal
[2026-02-18 16:03:41] [INFO] [tushare-collect] 成功采集14条trade_cal数据
[2026-02-18 16:03:41] [INFO] [tushare-collect] [quotes] 本周最后交易日: 20260213
[2026-02-18 16:03:41] [INFO] [tushare-collect] [quotes] 本月最后交易日: 20260227
[2026-02-18 16:03:41] [INFO] [tushare-collect] [daily_basic] 采集参数: {'method': 'daily_basic', 'trade_date': '20260210', 'fields': '*'}
[2026-02-18 16:03:41] [INFO] [tushare-collect] 开始采集Tushare数据: daily_basic
[2026-02-18 16:03:42] [INFO] [tushare-collect] 成功采集2000条daily_basic数据
[2026-02-18 16:03:42] [INFO] [tushare-collect] [daily_basic] 第1页,获取 2000 条数据
[2026-02-18 16:03:42] [INFO] [tushare-collect] 开始采集Tushare数据: daily_basic
[2026-02-18 16:03:44] [INFO] [tushare-collect] 成功采集2000条daily_basic数据
[2026-02-18 16:03:44] [INFO] [tushare-collect] [daily_basic] 第2页,获取 2000 条数据
[2026-02-18 16:03:44] [INFO] [tushare-collect] 开始采集Tushare数据: daily_basic
[2026-02-18 16:03:44] [INFO] [tushare-collect] 成功采集1470条daily_basic数据
[2026-02-18 16:03:44] [INFO] [tushare-collect] [daily_basic] 第3页,获取 1470 条数据
[2026-02-18 16:03:44] [INFO] [tushare-collect] 开始采集Tushare数据: daily_basic
[2026-02-18 16:03:45] [INFO] [tushare-collect] 成功采集daily_basic数据，数据为空
[2026-02-18 16:03:45] [INFO] [tushare-collect] [daily_basic] 采集完成,共 5470 条数据
[2026-02-18 16:03:46] [INFO] [tushare-collect] upsert 受影响 5470 行
[2026-02-18 16:03:46] [INFO] [tushare-collect] 保存 5470 条数据到aistockzml_tushare_daily_basic，模式: incremental
[2026-02-18 16:03:46] [INFO] [tushare-collect] [daily_basic] 数据保存成功(incremental),共 5470 条
[2026-02-18 16:04:35] [INFO] [tushare-collect] [quotes] ==================================================
[2026-02-18 16:04:35] [INFO] [tushare-collect] [quotes] 执行时间: 2026-02-18 16:04:35.992024
[2026-02-18 16:04:36] [INFO] [tushare-collect] 开始采集Tushare数据: trade_cal
[2026-02-18 16:04:36] [INFO] [tushare-collect] 成功采集5条trade_cal数据
[2026-02-18 16:04:36] [INFO] [tushare-collect] 开始采集Tushare数据: trade_cal
[2026-02-18 16:04:36] [INFO] [tushare-collect] 成功采集14条trade_cal数据
[2026-02-18 16:04:36] [INFO] [tushare-collect] [quotes] 本周最后交易日: 20260213
[2026-02-18 16:04:36] [INFO] [tushare-collect] [quotes] 本月最后交易日: 20260227
[2026-02-18 16:04:36] [INFO] [tushare-collect] [daily_basic] 采集参数: {'method': 'daily_basic', 'trade_date': '20260213', 'fields': '*'}
[2026-02-18 16:04:36] [INFO] [tushare-collect] 开始采集Tushare数据: daily_basic
[2026-02-18 16:04:37] [INFO] [tushare-collect] 成功采集2000条daily_basic数据
[2026-02-18 16:04:37] [INFO] [tushare-collect] [daily_basic] 第1页,获取 2000 条数据
[2026-02-18 16:04:37] [INFO] [tushare-collect] 开始采集Tushare数据: daily_basic
[2026-02-18 16:04:38] [INFO] [tushare-collect] 成功采集2000条daily_basic数据
[2026-02-18 16:04:38] [INFO] [tushare-collect] [daily_basic] 第2页,获取 2000 条数据
[2026-02-18 16:04:38] [INFO] [tushare-collect] 开始采集Tushare数据: daily_basic
[2026-02-18 16:04:41] [INFO] [tushare-collect] 成功采集1474条daily_basic数据
[2026-02-18 16:04:41] [INFO] [tushare-collect] [daily_basic] 第3页,获取 1474 条数据
[2026-02-18 16:04:41] [INFO] [tushare-collect] 开始采集Tushare数据: daily_basic
[2026-02-18 16:04:41] [INFO] [tushare-collect] 成功采集daily_basic数据，数据为空
[2026-02-18 16:04:41] [INFO] [tushare-collect] [daily_basic] 采集完成,共 5474 条数据
[2026-02-18 16:04:43] [INFO] [tushare-collect] upsert 受影响 5474 行
[2026-02-18 16:04:43] [INFO] [tushare-collect] 保存 5474 条数据到aistockzml_tushare_daily_basic，模式: incremental
[2026-02-18 16:04:43] [INFO] [tushare-collect] [daily_basic] 数据保存成功(incremental),共 5474 条
[2026-02-18 16:05:03] [INFO] [tushare-collect] [quotes] ==================================================
[2026-02-18 16:05:03] [INFO] [tushare-collect] [quotes] 执行时间: 2026-02-18 16:05:03.545679
[2026-02-18 16:05:03] [INFO] [tushare-collect] 开始采集Tushare数据: trade_cal
[2026-02-18 16:05:04] [INFO] [tushare-collect] 成功采集5条trade_cal数据
[2026-02-18 16:05:04] [INFO] [tushare-collect] 开始采集Tushare数据: trade_cal
[2026-02-18 16:05:04] [INFO] [tushare-collect] 成功采集14条trade_cal数据
[2026-02-18 16:05:04] [INFO] [tushare-collect] [quotes] 本周最后交易日: 20260213
[2026-02-18 16:05:04] [INFO] [tushare-collect] [quotes] 本月最后交易日: 20260227
[2026-02-18 16:05:04] [INFO] [tushare-collect] [daily_basic] 采集参数: {'method': 'daily_basic', 'trade_date': '20260211', 'fields': '*'}
[2026-02-18 16:05:04] [INFO] [tushare-collect] 开始采集Tushare数据: daily_basic
[2026-02-18 16:05:05] [INFO] [tushare-collect] 成功采集2000条daily_basic数据
[2026-02-18 16:05:05] [INFO] [tushare-collect] [daily_basic] 第1页,获取 2000 条数据
[2026-02-18 16:05:05] [INFO] [tushare-collect] 开始采集Tushare数据: daily_basic
[2026-02-18 16:05:07] [INFO] [tushare-collect] 成功采集2000条daily_basic数据
[2026-02-18 16:05:07] [INFO] [tushare-collect] [daily_basic] 第2页,获取 2000 条数据
[2026-02-18 16:05:07] [INFO] [tushare-collect] 开始采集Tushare数据: daily_basic
[2026-02-18 16:05:07] [INFO] [tushare-collect] 成功采集1470条daily_basic数据
[2026-02-18 16:05:07] [INFO] [tushare-collect] [daily_basic] 第3页,获取 1470 条数据
[2026-02-18 16:05:07] [INFO] [tushare-collect] 开始采集Tushare数据: daily_basic
[2026-02-18 16:05:08] [INFO] [tushare-collect] 成功采集daily_basic数据，数据为空
[2026-02-18 16:05:08] [INFO] [tushare-collect] [daily_basic] 采集完成,共 5470 条数据
[2026-02-18 16:05:09] [INFO] [tushare-collect] upsert 受影响 5470 行
[2026-02-18 16:05:09] [INFO] [tushare-collect] 保存 5470 条数据到aistockzml_tushare_daily_basic，模式: incremental
[2026-02-18 16:05:09] [INFO] [tushare-collect] [daily_basic] 数据保存成功(incremental),共 5470 条
[2026-02-18 16:05:45] [INFO] [tushare-collect] [quotes] ==================================================
[2026-02-18 16:05:45] [INFO] [tushare-collect] [quotes] 执行时间: 2026-02-18 16:05:45.598779
[2026-02-18 16:05:45] [INFO] [tushare-collect] 开始采集Tushare数据: trade_cal
[2026-02-18 16:05:45] [INFO] [tushare-collect] 成功采集5条trade_cal数据
[2026-02-18 16:05:45] [INFO] [tushare-collect] 开始采集Tushare数据: trade_cal
[2026-02-18 16:05:46] [INFO] [tushare-collect] 成功采集14条trade_cal数据
[2026-02-18 16:05:46] [INFO] [tushare-collect] [quotes] 本周最后交易日: 20260213
[2026-02-18 16:05:46] [INFO] [tushare-collect] [quotes] 本月最后交易日: 20260227
[2026-02-18 16:05:46] [INFO] [tushare-collect] [daily_basic] 采集参数: {'method': 'daily_basic', 'trade_date': '20260214', 'fields': '*'}
[2026-02-18 16:05:46] [INFO] [tushare-collect] 开始采集Tushare数据: daily_basic
[2026-02-18 16:05:46] [INFO] [tushare-collect] 成功采集daily_basic数据，数据为空
[2026-02-18 16:05:46] [INFO] [tushare-collect] [daily_basic] 无数据需要保存
[2026-02-18 16:15:13] [INFO] [tushare-collect] [quotes] ==================================================
[2026-02-18 16:15:13] [INFO] [tushare-collect] [quotes] 执行时间: 2026-02-18 16:15:13.802963
[2026-02-18 16:15:13] [INFO] [tushare-collect] 开始采集Tushare数据: trade_cal
[2026-02-18 16:15:14] [INFO] [tushare-collect] 成功采集5条trade_cal数据
[2026-02-18 16:15:14] [INFO] [tushare-collect] 开始采集Tushare数据: trade_cal
[2026-02-18 16:15:14] [INFO] [tushare-collect] 成功采集14条trade_cal数据
[2026-02-18 16:15:14] [INFO] [tushare-collect] [quotes] 本周最后交易日: 20260213
[2026-02-18 16:15:14] [INFO] [tushare-collect] [quotes] 本月最后交易日: 20260227
[2026-02-18 16:15:14] [INFO] [tushare-collect] [stk_weekly_unadj] 采集参数: {'method': 'stk_weekly_monthly', 'trade_date': '20260213', 'fields': '*', 'freq': 'week'}
[2026-02-18 16:15:14] [INFO] [tushare-collect] 开始采集Tushare数据: stk_weekly_monthly
[2026-02-18 16:15:15] [INFO] [tushare-collect] 成功采集2000条stk_weekly_monthly数据
[2026-02-18 16:15:15] [INFO] [tushare-collect] [stk_weekly_unadj] 第1页,获取 2000 条数据
[2026-02-18 16:15:15] [INFO] [tushare-collect] 开始采集Tushare数据: stk_weekly_monthly
[2026-02-18 16:15:29] [INFO] [tushare-collect] 成功采集2000条stk_weekly_monthly数据
[2026-02-18 16:15:29] [INFO] [tushare-collect] [stk_weekly_unadj] 第2页,获取 2000 条数据
[2026-02-18 16:15:29] [INFO] [tushare-collect] 开始采集Tushare数据: stk_weekly_monthly
[2026-02-18 16:15:30] [INFO] [tushare-collect] 成功采集1476条stk_weekly_monthly数据
[2026-02-18 16:15:30] [INFO] [tushare-collect] [stk_weekly_unadj] 第3页,获取 1476 条数据
[2026-02-18 16:15:30] [INFO] [tushare-collect] 开始采集Tushare数据: stk_weekly_monthly
[2026-02-18 16:15:30] [INFO] [tushare-collect] 成功采集stk_weekly_monthly数据，数据为空
[2026-02-18 16:15:30] [INFO] [tushare-collect] [stk_weekly_unadj] 采集完成,共 5476 条数据
[2026-02-18 16:15:31] [INFO] [tushare-collect] upsert 受影响 5476 行
[2026-02-18 16:15:31] [INFO] [tushare-collect] 保存 5476 条数据到aistockzml_tushare_stk_weekly_unadj，模式: incremental
[2026-02-18 16:15:31] [INFO] [tushare-collect] [stk_weekly_unadj] 数据保存成功(incremental),共 5476 条
[2026-02-18 16:23:05] [INFO] [tushare-collect] [quotes] ==================================================
[2026-02-18 16:23:05] [INFO] [tushare-collect] [quotes] 执行时间: 2026-02-18 16:23:05.517909
[2026-02-18 16:23:05] [INFO] [tushare-collect] 开始采集Tushare数据: trade_cal
[2026-02-18 16:23:05] [INFO] [tushare-collect] 成功采集5条trade_cal数据
[2026-02-18 16:23:05] [INFO] [tushare-collect] 开始采集Tushare数据: trade_cal
[2026-02-18 16:23:06] [INFO] [tushare-collect] 成功采集14条trade_cal数据
[2026-02-18 16:23:06] [INFO] [tushare-collect] [quotes] 本周最后交易日: 20260213
[2026-02-18 16:23:06] [INFO] [tushare-collect] [quotes] 本月最后交易日: 20260227
[2026-02-18 16:23:06] [INFO] [tushare-collect] [stk_weekly_unadj] 采集参数: {'method': 'stk_weekly_monthly', 'trade_date': '20260213', 'fields': '*', 'freq': 'week'}
[2026-02-18 16:23:06] [INFO] [tushare-collect] 开始采集Tushare数据: stk_weekly_monthly
[2026-02-18 16:23:06] [INFO] [tushare-collect] 成功采集2000条stk_weekly_monthly数据
[2026-02-18 16:23:06] [INFO] [tushare-collect] [stk_weekly_unadj] 第1页,获取 2000 条数据
[2026-02-18 16:23:06] [INFO] [tushare-collect] 开始采集Tushare数据: stk_weekly_monthly
[2026-02-18 16:23:07] [INFO] [tushare-collect] 成功采集2000条stk_weekly_monthly数据
[2026-02-18 16:23:07] [INFO] [tushare-collect] [stk_weekly_unadj] 第2页,获取 2000 条数据
[2026-02-18 16:23:07] [INFO] [tushare-collect] 开始采集Tushare数据: stk_weekly_monthly
[2026-02-18 16:23:09] [INFO] [tushare-collect] 成功采集1476条stk_weekly_monthly数据
[2026-02-18 16:23:09] [INFO] [tushare-collect] [stk_weekly_unadj] 第3页,获取 1476 条数据
[2026-02-18 16:23:09] [INFO] [tushare-collect] 开始采集Tushare数据: stk_weekly_monthly
[2026-02-18 16:23:09] [INFO] [tushare-collect] 成功采集stk_weekly_monthly数据，数据为空
[2026-02-18 16:23:09] [INFO] [tushare-collect] [stk_weekly_unadj] 采集完成,共 5476 条数据
[2026-02-18 16:23:10] [INFO] [tushare-collect] upsert 受影响 5476 行
[2026-02-18 16:23:10] [INFO] [tushare-collect] 保存 5476 条数据到aistockzml_tushare_stk_weekly_unadj，模式: incremental
[2026-02-18 16:23:10] [INFO] [tushare-collect] [stk_weekly_unadj] 数据保存成功(incremental),共 5476 条
[2026-02-18 16:37:41] [INFO] [tushare-collect] [quotes] ==================================================
[2026-02-18 16:37:41] [INFO] [tushare-collect] [quotes] 执行时间: 2026-02-18 16:37:41.862103
[2026-02-18 16:37:41] [INFO] [tushare-collect] 开始采集Tushare数据: trade_cal
[2026-02-18 16:37:42] [INFO] [tushare-collect] 成功采集5条trade_cal数据
[2026-02-18 16:37:42] [INFO] [tushare-collect] 开始采集Tushare数据: trade_cal
[2026-02-18 16:37:42] [INFO] [tushare-collect] 成功采集14条trade_cal数据
[2026-02-18 16:37:42] [INFO] [tushare-collect] [quotes] 本周最后交易日: 20260213
[2026-02-18 16:37:42] [INFO] [tushare-collect] [quotes] 本月最后交易日: 20260227
[2026-02-18 16:37:42] [INFO] [tushare-collect] [stk_weekly_unadj] 采集参数: {'method': 'stk_weekly_monthly', 'trade_date': '20260213', 'fields': '*', 'freq': 'week'}
[2026-02-18 16:37:42] [INFO] [tushare-collect] 开始采集Tushare数据: stk_weekly_monthly
[2026-02-18 16:37:43] [INFO] [tushare-collect] 成功采集2000条stk_weekly_monthly数据
[2026-02-18 16:37:43] [INFO] [tushare-collect] [stk_weekly_unadj] 第1页,获取 2000 条数据
[2026-02-18 16:37:43] [INFO] [tushare-collect] 开始采集Tushare数据: stk_weekly_monthly
[2026-02-18 16:37:49] [INFO] [tushare-collect] 成功采集2000条stk_weekly_monthly数据
[2026-02-18 16:37:49] [INFO] [tushare-collect] [stk_weekly_unadj] 第2页,获取 2000 条数据
[2026-02-18 16:37:49] [INFO] [tushare-collect] 开始采集Tushare数据: stk_weekly_monthly
[2026-02-18 16:37:50] [INFO] [tushare-collect] 成功采集1476条stk_weekly_monthly数据
[2026-02-18 16:37:50] [INFO] [tushare-collect] [stk_weekly_unadj] 第3页,获取 1476 条数据
[2026-02-18 16:37:50] [INFO] [tushare-collect] 开始采集Tushare数据: stk_weekly_monthly
[2026-02-18 16:37:50] [INFO] [tushare-collect] 成功采集stk_weekly_monthly数据，数据为空
[2026-02-18 16:37:50] [INFO] [tushare-collect] [stk_weekly_unadj] 采集完成,共 5476 条数据
[2026-02-18 16:37:51] [INFO] [tushare-collect] upsert 受影响 5476 行
[2026-02-18 16:37:51] [INFO] [tushare-collect] 保存 5476 条数据到aistockzml_tushare_stk_weekly_unadj，模式: incremental
[2026-02-18 16:37:51] [INFO] [tushare-collect] [stk_weekly_unadj] 数据保存成功(incremental),共 5476 条
[2026-02-18 16:46:54] [INFO] [tushare-collect] [quotes] ==================================================
[2026-02-18 16:46:54] [INFO] [tushare-collect] [quotes] 执行时间: 2026-02-18 16:46:54.919513
[2026-02-18 16:46:54] [INFO] [tushare-collect] 开始采集Tushare数据: trade_cal
[2026-02-18 16:46:55] [INFO] [tushare-collect] 成功采集5条trade_cal数据
[2026-02-18 16:46:55] [INFO] [tushare-collect] 开始采集Tushare数据: trade_cal
[2026-02-18 16:46:55] [INFO] [tushare-collect] 成功采集14条trade_cal数据
[2026-02-18 16:46:55] [INFO] [tushare-collect] [quotes] 本周最后交易日: 20260213
[2026-02-18 16:46:55] [INFO] [tushare-collect] [quotes] 本月最后交易日: 20260227
[2026-02-18 16:46:55] [INFO] [tushare-collect] [stk_weekly_unadj] 采集参数: {'method': 'stk_weekly_monthly', 'trade_date': '20260213', 'fields': '*', 'freq': 'week'}
[2026-02-18 16:46:55] [INFO] [tushare-collect] 开始采集Tushare数据: stk_weekly_monthly
[2026-02-18 16:46:56] [INFO] [tushare-collect] 成功采集2000条stk_weekly_monthly数据
[2026-02-18 16:46:56] [INFO] [tushare-collect] [stk_weekly_unadj] 第1页,获取 2000 条数据
[2026-02-18 16:46:56] [INFO] [tushare-collect] 开始采集Tushare数据: stk_weekly_monthly
[2026-02-18 16:46:56] [INFO] [tushare-collect] 成功采集2000条stk_weekly_monthly数据
[2026-02-18 16:46:56] [INFO] [tushare-collect] [stk_weekly_unadj] 第2页,获取 2000 条数据
[2026-02-18 16:46:56] [INFO] [tushare-collect] 开始采集Tushare数据: stk_weekly_monthly
[2026-02-18 16:46:57] [INFO] [tushare-collect] 成功采集1476条stk_weekly_monthly数据
[2026-02-18 16:46:57] [INFO] [tushare-collect] [stk_weekly_unadj] 第3页,获取 1476 条数据
[2026-02-18 16:46:57] [INFO] [tushare-collect] 开始采集Tushare数据: stk_weekly_monthly
[2026-02-18 16:46:58] [INFO] [tushare-collect] 成功采集stk_weekly_monthly数据，数据为空
[2026-02-18 16:46:58] [INFO] [tushare-collect] [stk_weekly_unadj] 采集完成,共 5476 条数据
[2026-02-18 16:46:58] [INFO] [tushare-collect] upsert 受影响 5476 行
[2026-02-18 16:46:58] [INFO] [tushare-collect] 保存 5476 条数据到aistockzml_tushare_stk_weekly_unadj，模式: incremental
[2026-02-18 16:46:58] [INFO] [tushare-collect] [stk_weekly_unadj] 数据保存成功(incremental),共 5476 条
[2026-02-18 16:47:28] [INFO] [tushare-collect] [quotes] ==================================================
[2026-02-18 16:47:28] [INFO] [tushare-collect] [quotes] 执行时间: 2026-02-18 16:47:28.437392
[2026-02-18 16:47:28] [INFO] [tushare-collect] 开始采集Tushare数据: trade_cal
[2026-02-18 16:47:28] [INFO] [tushare-collect] 成功采集5条trade_cal数据
[2026-02-18 16:47:28] [INFO] [tushare-collect] 开始采集Tushare数据: trade_cal
[2026-02-18 16:47:29] [INFO] [tushare-collect] 成功采集14条trade_cal数据
[2026-02-18 16:47:29] [INFO] [tushare-collect] [quotes] 本周最后交易日: 20260213
[2026-02-18 16:47:29] [INFO] [tushare-collect] [quotes] 本月最后交易日: 20260227
[2026-02-18 16:47:29] [INFO] [tushare-collect] [stk_weekly_unadj] 采集参数: {'method': 'stk_weekly_monthly', 'trade_date': '20260213', 'fields': '*', 'freq': 'week'}
[2026-02-18 16:47:29] [INFO] [tushare-collect] 开始采集Tushare数据: stk_weekly_monthly
[2026-02-18 16:47:30] [INFO] [tushare-collect] 成功采集2000条stk_weekly_monthly数据
[2026-02-18 16:47:30] [INFO] [tushare-collect] [stk_weekly_unadj] 第1页,获取 2000 条数据
[2026-02-18 16:47:30] [INFO] [tushare-collect] 开始采集Tushare数据: stk_weekly_monthly
[2026-02-18 16:47:30] [INFO] [tushare-collect] 成功采集2000条stk_weekly_monthly数据
[2026-02-18 16:47:30] [INFO] [tushare-collect] [stk_weekly_unadj] 第2页,获取 2000 条数据
[2026-02-18 16:47:30] [INFO] [tushare-collect] 开始采集Tushare数据: stk_weekly_monthly
[2026-02-18 16:47:31] [INFO] [tushare-collect] 成功采集1476条stk_weekly_monthly数据
[2026-02-18 16:47:31] [INFO] [tushare-collect] [stk_weekly_unadj] 第3页,获取 1476 条数据
[2026-02-18 16:47:31] [INFO] [tushare-collect] 开始采集Tushare数据: stk_weekly_monthly
[2026-02-18 16:47:31] [INFO] [tushare-collect] 成功采集stk_weekly_monthly数据，数据为空
[2026-02-18 16:47:31] [INFO] [tushare-collect] [stk_weekly_unadj] 采集完成,共 5476 条数据
[2026-02-18 16:47:32] [INFO] [tushare-collect] upsert 受影响 5476 行
[2026-02-18 16:47:32] [INFO] [tushare-collect] 保存 5476 条数据到aistockzml_tushare_stk_weekly_unadj，模式: incremental
[2026-02-18 16:47:32] [INFO] [tushare-collect] [stk_weekly_unadj] 数据保存成功(incremental),共 5476 条
[2026-02-18 16:52:09] [INFO] [tushare-collect] [quotes] ==================================================
[2026-02-18 16:52:09] [INFO] [tushare-collect] [quotes] 执行时间: 2026-02-18 16:52:09.736548
[2026-02-18 16:52:09] [INFO] [tushare-collect] 开始采集Tushare数据: trade_cal
[2026-02-18 16:52:10] [INFO] [tushare-collect] 成功采集5条trade_cal数据
[2026-02-18 16:52:10] [INFO] [tushare-collect] 开始采集Tushare数据: trade_cal
[2026-02-18 16:52:10] [INFO] [tushare-collect] 成功采集14条trade_cal数据
[2026-02-18 16:52:10] [INFO] [tushare-collect] [quotes] 本周最后交易日: 20260213
[2026-02-18 16:52:10] [INFO] [tushare-collect] [quotes] 本月最后交易日: 20260227
[2026-02-18 16:52:10] [INFO] [tushare-collect] [stk_weekly_unadj] 采集参数: {'method': 'stk_weekly_monthly', 'trade_date': '20260213', 'fields': '*', 'freq': 'week'}
[2026-02-18 16:52:10] [INFO] [tushare-collect] 开始采集Tushare数据: stk_weekly_monthly
[2026-02-18 16:52:11] [INFO] [tushare-collect] 成功采集2000条stk_weekly_monthly数据
[2026-02-18 16:52:11] [INFO] [tushare-collect] [stk_weekly_unadj] 第1页,获取 2000 条数据
[2026-02-18 16:52:11] [INFO] [tushare-collect] 开始采集Tushare数据: stk_weekly_monthly
[2026-02-18 16:52:12] [INFO] [tushare-collect] 成功采集2000条stk_weekly_monthly数据
[2026-02-18 16:52:12] [INFO] [tushare-collect] [stk_weekly_unadj] 第2页,获取 2000 条数据
[2026-02-18 16:52:12] [INFO] [tushare-collect] 开始采集Tushare数据: stk_weekly_monthly
[2026-02-18 16:52:13] [INFO] [tushare-collect] 成功采集1476条stk_weekly_monthly数据
[2026-02-18 16:52:13] [INFO] [tushare-collect] [stk_weekly_unadj] 第3页,获取 1476 条数据
[2026-02-18 16:52:13] [INFO] [tushare-collect] 开始采集Tushare数据: stk_weekly_monthly
[2026-02-18 16:52:14] [INFO] [tushare-collect] 成功采集stk_weekly_monthly数据，数据为空
[2026-02-18 16:52:14] [INFO] [tushare-collect] [stk_weekly_unadj] 采集完成,共 5476 条数据
[2026-02-18 16:52:15] [INFO] [tushare-collect] upsert 受影响 5476 行
[2026-02-18 16:52:15] [INFO] [tushare-collect] 保存 5476 条数据到aistockzml_tushare_stk_weekly_unadj，模式: incremental
[2026-02-18 16:52:15] [INFO] [tushare-collect] [stk_weekly_unadj] 数据保存成功(incremental),共 5476 条
[2026-02-18 16:53:23] [INFO] [tushare-collect] 开始采集Tushare数据: stk_weekly_monthly
[2026-02-18 16:53:28] [INFO] [tushare-collect] 成功采集5476条stk_weekly_monthly数据
[2026-02-18 16:53:56] [INFO] [tushare-collect] 开始采集Tushare数据: stk_weekly_monthly
[2026-02-18 16:54:01] [INFO] [tushare-collect] 成功采集5476条stk_weekly_monthly数据
[2026-02-18 16:55:07] [INFO] [tushare-collect] 开始采集Tushare数据: stk_weekly_monthly
[2026-02-18 16:55:09] [INFO] [tushare-collect] 成功采集5476条stk_weekly_monthly数据
[2026-02-18 16:56:10] [INFO] [tushare-collect] 开始采集Tushare数据: stk_weekly_monthly
[2026-02-18 16:56:11] [INFO] [tushare-collect] 成功采集5476条stk_weekly_monthly数据
[2026-02-18 16:57:02] [INFO] [tushare-collect] 开始采集Tushare数据: stk_weekly_monthly
[2026-02-18 16:57:07] [INFO] [tushare-collect] 成功采集5476条stk_weekly_monthly数据
[2026-02-18 16:59:37] [INFO] [tushare-collect] [quotes] ==================================================
[2026-02-18 16:59:37] [INFO] [tushare-collect] [quotes] 执行时间: 2026-02-18 16:59:37.622937
[2026-02-18 16:59:37] [INFO] [tushare-collect] 开始采集Tushare数据: trade_cal
[2026-02-18 16:59:38] [INFO] [tushare-collect] 成功采集5条trade_cal数据
[2026-02-18 16:59:38] [INFO] [tushare-collect] 开始采集Tushare数据: trade_cal
[2026-02-18 16:59:38] [INFO] [tushare-collect] 成功采集14条trade_cal数据
[2026-02-18 16:59:38] [INFO] [tushare-collect] [quotes] 本周最后交易日: 20260213
[2026-02-18 16:59:38] [INFO] [tushare-collect] [quotes] 本月最后交易日: 20260227
[2026-02-18 16:59:38] [INFO] [tushare-collect] [stk_weekly_unadj] 采集参数: {'method': 'stk_weekly_monthly', 'trade_date': '20260213', 'fields': '*', 'freq': 'week'}
[2026-02-18 16:59:38] [INFO] [tushare-collect] 开始采集Tushare数据: stk_weekly_monthly
[2026-02-18 16:59:39] [INFO] [tushare-collect] 成功采集2000条stk_weekly_monthly数据
[2026-02-18 16:59:39] [INFO] [tushare-collect] [stk_weekly_unadj] 第1页,获取 2000 条数据
[2026-02-18 16:59:39] [INFO] [tushare-collect] 开始采集Tushare数据: stk_weekly_monthly
[2026-02-18 16:59:40] [INFO] [tushare-collect] 成功采集2000条stk_weekly_monthly数据
[2026-02-18 16:59:40] [INFO] [tushare-collect] [stk_weekly_unadj] 第2页,获取 2000 条数据
[2026-02-18 16:59:40] [INFO] [tushare-collect] 开始采集Tushare数据: stk_weekly_monthly
[2026-02-18 16:59:41] [INFO] [tushare-collect] 成功采集1476条stk_weekly_monthly数据
[2026-02-18 16:59:41] [INFO] [tushare-collect] [stk_weekly_unadj] 第3页,获取 1476 条数据
[2026-02-18 16:59:41] [INFO] [tushare-collect] 开始采集Tushare数据: stk_weekly_monthly
[2026-02-18 16:59:41] [INFO] [tushare-collect] 成功采集stk_weekly_monthly数据，数据为空
[2026-02-18 16:59:41] [INFO] [tushare-collect] [stk_weekly_unadj] 采集完成,共 5476 条数据
[2026-02-18 16:59:42] [INFO] [tushare-collect] upsert 受影响 5476 行
[2026-02-18 16:59:42] [INFO] [tushare-collect] 保存 5476 条数据到aistockzml_tushare_stk_weekly_unadj，模式: incremental
[2026-02-18 16:59:42] [INFO] [tushare-collect] [stk_weekly_unadj] 数据保存成功(incremental),共 5476 条
[2026-02-18 17:00:18] [INFO] [tushare-collect] [quotes] ==================================================
[2026-02-18 17:00:18] [INFO] [tushare-collect] [quotes] 执行时间: 2026-02-18 17:00:18.382489
[2026-02-18 17:00:18] [INFO] [tushare-collect] 开始采集Tushare数据: trade_cal
[2026-02-18 17:00:18] [INFO] [tushare-collect] 成功采集5条trade_cal数据
[2026-02-18 17:00:18] [INFO] [tushare-collect] 开始采集Tushare数据: trade_cal
[2026-02-18 17:00:19] [INFO] [tushare-collect] 成功采集14条trade_cal数据
[2026-02-18 17:00:19] [INFO] [tushare-collect] [quotes] 本周最后交易日: 20260213
[2026-02-18 17:00:19] [INFO] [tushare-collect] [quotes] 本月最后交易日: 20260227
[2026-02-18 17:00:19] [INFO] [tushare-collect] [stk_weekly_unadj] 采集参数: {'method': 'stk_weekly_monthly', 'trade_date': '20260213', 'fields': '*', 'freq': 'week'}
[2026-02-18 17:00:19] [INFO] [tushare-collect] 开始采集Tushare数据: stk_weekly_monthly
[2026-02-18 17:00:20] [INFO] [tushare-collect] 成功采集2000条stk_weekly_monthly数据
[2026-02-18 17:00:20] [INFO] [tushare-collect] [stk_weekly_unadj] 第1页,获取 2000 条数据
[2026-02-18 17:00:20] [INFO] [tushare-collect] 开始采集Tushare数据: stk_weekly_monthly
[2026-02-18 17:00:21] [INFO] [tushare-collect] 成功采集2000条stk_weekly_monthly数据
[2026-02-18 17:00:21] [INFO] [tushare-collect] [stk_weekly_unadj] 第2页,获取 2000 条数据
[2026-02-18 17:00:21] [INFO] [tushare-collect] 开始采集Tushare数据: stk_weekly_monthly
[2026-02-18 17:00:22] [INFO] [tushare-collect] 成功采集1476条stk_weekly_monthly数据
[2026-02-18 17:00:22] [INFO] [tushare-collect] [stk_weekly_unadj] 第3页,获取 1476 条数据
[2026-02-18 17:00:22] [INFO] [tushare-collect] 开始采集Tushare数据: stk_weekly_monthly
[2026-02-18 17:00:22] [INFO] [tushare-collect] 成功采集stk_weekly_monthly数据，数据为空
[2026-02-18 17:00:22] [INFO] [tushare-collect] [stk_weekly_unadj] 采集完成,共 5476 条数据
[2026-02-18 17:00:23] [INFO] [tushare-collect] upsert 受影响 5476 行
[2026-02-18 17:00:23] [INFO] [tushare-collect] 保存 5476 条数据到aistockzml_tushare_stk_weekly_unadj，模式: incremental
[2026-02-18 17:00:23] [INFO] [tushare-collect] [stk_weekly_unadj] 数据保存成功(incremental),共 5476 条
[2026-02-18 17:03:32] [INFO] [tushare-collect] [quotes] ==================================================
[2026-02-18 17:03:32] [INFO] [tushare-collect] [quotes] 执行时间: 2026-02-18 17:03:32.773788
[2026-02-18 17:03:32] [INFO] [tushare-collect] 开始采集Tushare数据: trade_cal
[2026-02-18 17:03:33] [INFO] [tushare-collect] 成功采集5条trade_cal数据
[2026-02-18 17:03:33] [INFO] [tushare-collect] 开始采集Tushare数据: trade_cal
[2026-02-18 17:03:33] [INFO] [tushare-collect] 成功采集14条trade_cal数据
[2026-02-18 17:03:33] [INFO] [tushare-collect] [quotes] 本周最后交易日: 20260213
[2026-02-18 17:03:33] [INFO] [tushare-collect] [quotes] 本月最后交易日: 20260227
[2026-02-18 17:03:33] [INFO] [tushare-collect] [stk_weekly_unadj] 采集参数: {'method': 'stk_weekly_monthly', 'trade_date': '20260213', 'fields': '*', 'freq': 'week'}
[2026-02-18 17:03:33] [INFO] [tushare-collect] 开始采集Tushare数据: stk_weekly_monthly
[2026-02-18 17:03:34] [INFO] [tushare-collect] 成功采集2000条stk_weekly_monthly数据
[2026-02-18 17:03:34] [INFO] [tushare-collect] [stk_weekly_unadj] 第1页,获取 2000 条数据
[2026-02-18 17:03:34] [INFO] [tushare-collect] 开始采集Tushare数据: stk_weekly_monthly
[2026-02-18 17:03:36] [INFO] [tushare-collect] 成功采集2000条stk_weekly_monthly数据
[2026-02-18 17:03:36] [INFO] [tushare-collect] [stk_weekly_unadj] 第2页,获取 2000 条数据
[2026-02-18 17:03:36] [INFO] [tushare-collect] 开始采集Tushare数据: stk_weekly_monthly
[2026-02-18 17:03:39] [INFO] [tushare-collect] 成功采集1476条stk_weekly_monthly数据
[2026-02-18 17:03:39] [INFO] [tushare-collect] [stk_weekly_unadj] 第3页,获取 1476 条数据
[2026-02-18 17:03:39] [INFO] [tushare-collect] 开始采集Tushare数据: stk_weekly_monthly
[2026-02-18 17:03:40] [INFO] [tushare-collect] 成功采集stk_weekly_monthly数据，数据为空
[2026-02-18 17:03:40] [INFO] [tushare-collect] [stk_weekly_unadj] 采集完成,共 5476 条数据
[2026-02-18 17:03:41] [INFO] [tushare-collect] upsert 受影响 5476 行
[2026-02-18 17:03:41] [INFO] [tushare-collect] 保存 5476 条数据到aistockzml_tushare_stk_weekly_unadj，模式: incremental
[2026-02-18 17:03:41] [INFO] [tushare-collect] [stk_weekly_unadj] 数据保存成功(incremental),共 5476 条
[2026-02-18 17:05:26] [INFO] [tushare-collect] [quotes] ==================================================
[2026-02-18 17:05:26] [INFO] [tushare-collect] [quotes] 执行时间: 2026-02-18 17:05:26.677210
[2026-02-18 17:05:26] [INFO] [tushare-collect] 开始采集Tushare数据: trade_cal
[2026-02-18 17:05:27] [INFO] [tushare-collect] 成功采集5条trade_cal数据
[2026-02-18 17:05:27] [INFO] [tushare-collect] 开始采集Tushare数据: trade_cal
[2026-02-18 17:05:27] [INFO] [tushare-collect] 成功采集14条trade_cal数据
[2026-02-18 17:05:27] [INFO] [tushare-collect] [quotes] 本周最后交易日: 20260213
[2026-02-18 17:05:27] [INFO] [tushare-collect] [quotes] 本月最后交易日: 20260227
[2026-02-18 17:05:27] [INFO] [tushare-collect] [stk_weekly_unadj] 采集参数: {'method': 'stk_weekly_monthly', 'trade_date': '20260213', 'fields': '*', 'freq': 'week'}
[2026-02-18 17:05:27] [INFO] [tushare-collect] 开始采集Tushare数据: stk_weekly_monthly
[2026-02-18 17:05:28] [INFO] [tushare-collect] 成功采集2000条stk_weekly_monthly数据
[2026-02-18 17:05:28] [INFO] [tushare-collect] [stk_weekly_unadj] 第1页,获取 2000 条数据
[2026-02-18 17:05:28] [INFO] [tushare-collect] 开始采集Tushare数据: stk_weekly_monthly
[2026-02-18 17:05:29] [INFO] [tushare-collect] 成功采集2000条stk_weekly_monthly数据
[2026-02-18 17:05:29] [INFO] [tushare-collect] [stk_weekly_unadj] 第2页,获取 2000 条数据
[2026-02-18 17:05:29] [INFO] [tushare-collect] 开始采集Tushare数据: stk_weekly_monthly
[2026-02-18 17:05:31] [INFO] [tushare-collect] 成功采集1476条stk_weekly_monthly数据
[2026-02-18 17:05:31] [INFO] [tushare-collect] [stk_weekly_unadj] 第3页,获取 1476 条数据
[2026-02-18 17:05:31] [INFO] [tushare-collect] 开始采集Tushare数据: stk_weekly_monthly
[2026-02-18 17:05:32] [INFO] [tushare-collect] 成功采集stk_weekly_monthly数据，数据为空
[2026-02-18 17:05:32] [INFO] [tushare-collect] [stk_weekly_unadj] 采集完成,共 5476 条数据
[2026-02-18 17:05:33] [INFO] [tushare-collect] upsert 受影响 5476 行
[2026-02-18 17:05:33] [INFO] [tushare-collect] 保存 5476 条数据到aistockzml_tushare_stk_weekly_unadj，模式: incremental
[2026-02-18 17:05:33] [INFO] [tushare-collect] [stk_weekly_unadj] 数据保存成功(incremental),共 5476 条
[2026-02-18 17:08:11] [INFO] [tushare-collect] [quotes] ==================================================
[2026-02-18 17:08:11] [INFO] [tushare-collect] [quotes] 执行时间: 2026-02-18 17:08:11.424241
[2026-02-18 17:08:11] [INFO] [tushare-collect] 开始采集Tushare数据: trade_cal
[2026-02-18 17:08:11] [INFO] [tushare-collect] 成功采集5条trade_cal数据
[2026-02-18 17:08:11] [INFO] [tushare-collect] 开始采集Tushare数据: trade_cal
[2026-02-18 17:08:12] [INFO] [tushare-collect] 成功采集14条trade_cal数据
[2026-02-18 17:08:12] [INFO] [tushare-collect] [quotes] 本周最后交易日: 20260213
[2026-02-18 17:08:12] [INFO] [tushare-collect] [quotes] 本月最后交易日: 20260227
[2026-02-18 17:08:12] [INFO] [tushare-collect] [stk_weekly_unadj] 采集参数: {'method': 'stk_weekly_monthly', 'trade_date': '20260213', 'fields': '*', 'freq': 'week'}
[2026-02-18 17:08:12] [INFO] [tushare-collect] 开始采集Tushare数据: stk_weekly_monthly
[2026-02-18 17:08:13] [INFO] [tushare-collect] 成功采集2000条stk_weekly_monthly数据
[2026-02-18 17:08:13] [INFO] [tushare-collect] [stk_weekly_unadj] 第1页,获取 2000 条数据
[2026-02-18 17:08:13] [INFO] [tushare-collect] 开始采集Tushare数据: stk_weekly_monthly
[2026-02-18 17:08:14] [INFO] [tushare-collect] 成功采集2000条stk_weekly_monthly数据
[2026-02-18 17:08:14] [INFO] [tushare-collect] [stk_weekly_unadj] 第2页,获取 2000 条数据
[2026-02-18 17:08:14] [INFO] [tushare-collect] 开始采集Tushare数据: stk_weekly_monthly
[2026-02-18 17:08:16] [INFO] [tushare-collect] 成功采集1476条stk_weekly_monthly数据
[2026-02-18 17:08:16] [INFO] [tushare-collect] [stk_weekly_unadj] 第3页,获取 1476 条数据
[2026-02-18 17:08:16] [INFO] [tushare-collect] 开始采集Tushare数据: stk_weekly_monthly
[2026-02-18 17:08:17] [INFO] [tushare-collect] 成功采集stk_weekly_monthly数据，数据为空
[2026-02-18 17:08:17] [INFO] [tushare-collect] [stk_weekly_unadj] 采集完成,共 5476 条数据
[2026-02-18 17:08:17] [INFO] [tushare-collect] upsert 受影响 5476 行
[2026-02-18 17:08:17] [INFO] [tushare-collect] 保存 5476 条数据到aistockzml_tushare_stk_weekly_unadj，模式: incremental
[2026-02-18 17:08:17] [INFO] [tushare-collect] [stk_weekly_unadj] 数据保存成功(incremental),共 5476 条
[2026-02-18 17:08:38] [INFO] [tushare-collect] [quotes] ==================================================
[2026-02-18 17:08:38] [INFO] [tushare-collect] [quotes] 执行时间: 2026-02-18 17:08:38.578873
[2026-02-18 17:08:38] [INFO] [tushare-collect] 开始采集Tushare数据: trade_cal
[2026-02-18 17:08:39] [INFO] [tushare-collect] 成功采集5条trade_cal数据
[2026-02-18 17:08:39] [INFO] [tushare-collect] 开始采集Tushare数据: trade_cal
[2026-02-18 17:08:39] [INFO] [tushare-collect] 成功采集14条trade_cal数据
[2026-02-18 17:08:39] [INFO] [tushare-collect] [quotes] 本周最后交易日: 20260213
[2026-02-18 17:08:39] [INFO] [tushare-collect] [quotes] 本月最后交易日: 20260227
[2026-02-18 17:08:39] [INFO] [tushare-collect] [stk_weekly_unadj] 采集参数: {'method': 'stk_weekly_monthly', 'trade_date': '20260213', 'fields': '*', 'freq': 'week'}
[2026-02-18 17:08:39] [INFO] [tushare-collect] 开始采集Tushare数据: stk_weekly_monthly
[2026-02-18 17:08:41] [INFO] [tushare-collect] 成功采集2000条stk_weekly_monthly数据
[2026-02-18 17:08:41] [INFO] [tushare-collect] [stk_weekly_unadj] 第1页,获取 2000 条数据
[2026-02-18 17:08:41] [INFO] [tushare-collect] 开始采集Tushare数据: stk_weekly_monthly
[2026-02-18 17:08:46] [INFO] [tushare-collect] 成功采集2000条stk_weekly_monthly数据
[2026-02-18 17:08:46] [INFO] [tushare-collect] [stk_weekly_unadj] 第2页,获取 2000 条数据
[2026-02-18 17:08:46] [INFO] [tushare-collect] 开始采集Tushare数据: stk_weekly_monthly
[2026-02-18 17:08:47] [INFO] [tushare-collect] 成功采集1476条stk_weekly_monthly数据
[2026-02-18 17:08:47] [INFO] [tushare-collect] [stk_weekly_unadj] 第3页,获取 1476 条数据
[2026-02-18 17:08:47] [INFO] [tushare-collect] 开始采集Tushare数据: stk_weekly_monthly
[2026-02-18 17:08:47] [INFO] [tushare-collect] 成功采集stk_weekly_monthly数据，数据为空
[2026-02-18 17:08:47] [INFO] [tushare-collect] [stk_weekly_unadj] 采集完成,共 5476 条数据
[2026-02-18 17:08:48] [INFO] [tushare-collect] upsert 受影响 5476 行
[2026-02-18 17:08:48] [INFO] [tushare-collect] 保存 5476 条数据到aistockzml_tushare_stk_weekly_unadj，模式: incremental
[2026-02-18 17:08:48] [INFO] [tushare-collect] [stk_weekly_unadj] 数据保存成功(incremental),共 5476 条
[2026-02-18 17:08:54] [INFO] [tushare-collect] [quotes] ==================================================
[2026-02-18 17:08:54] [INFO] [tushare-collect] [quotes] 执行时间: 2026-02-18 17:08:54.860717
[2026-02-18 17:08:54] [INFO] [tushare-collect] 开始采集Tushare数据: trade_cal
[2026-02-18 17:08:55] [INFO] [tushare-collect] 成功采集5条trade_cal数据
[2026-02-18 17:08:55] [INFO] [tushare-collect] 开始采集Tushare数据: trade_cal
[2026-02-18 17:08:55] [INFO] [tushare-collect] 成功采集14条trade_cal数据
[2026-02-18 17:08:55] [INFO] [tushare-collect] [quotes] 本周最后交易日: 20260213
[2026-02-18 17:08:55] [INFO] [tushare-collect] [quotes] 本月最后交易日: 20260227
[2026-02-18 17:08:55] [INFO] [tushare-collect] [stk_weekly_unadj] 采集参数: {'method': 'stk_weekly_monthly', 'trade_date': '20260213', 'fields': '*', 'freq': 'week'}
[2026-02-18 17:08:55] [INFO] [tushare-collect] 开始采集Tushare数据: stk_weekly_monthly
[2026-02-18 17:08:56] [INFO] [tushare-collect] 成功采集2000条stk_weekly_monthly数据
[2026-02-18 17:08:56] [INFO] [tushare-collect] [stk_weekly_unadj] 第1页,获取 2000 条数据
[2026-02-18 17:08:56] [INFO] [tushare-collect] 开始采集Tushare数据: stk_weekly_monthly
[2026-02-18 17:08:57] [INFO] [tushare-collect] 成功采集2000条stk_weekly_monthly数据
[2026-02-18 17:08:57] [INFO] [tushare-collect] [stk_weekly_unadj] 第2页,获取 2000 条数据
[2026-02-18 17:08:57] [INFO] [tushare-collect] 开始采集Tushare数据: stk_weekly_monthly
[2026-02-18 17:09:01] [INFO] [tushare-collect] 成功采集1476条stk_weekly_monthly数据
[2026-02-18 17:09:01] [INFO] [tushare-collect] [stk_weekly_unadj] 第3页,获取 1476 条数据
[2026-02-18 17:09:01] [INFO] [tushare-collect] 开始采集Tushare数据: stk_weekly_monthly
[2026-02-18 17:09:01] [INFO] [tushare-collect] 成功采集stk_weekly_monthly数据，数据为空
[2026-02-18 17:09:01] [INFO] [tushare-collect] [stk_weekly_unadj] 采集完成,共 5476 条数据
[2026-02-18 17:09:02] [INFO] [tushare-collect] upsert 受影响 5476 行
[2026-02-18 17:09:02] [INFO] [tushare-collect] 保存 5476 条数据到aistockzml_tushare_stk_weekly_unadj，模式: incremental
[2026-02-18 17:09:02] [INFO] [tushare-collect] [stk_weekly_unadj] 数据保存成功(incremental),共 5476 条
[2026-02-18 17:09:08] [INFO] [tushare-collect] [quotes] ==================================================
[2026-02-18 17:09:08] [INFO] [tushare-collect] [quotes] 执行时间: 2026-02-18 17:09:08.598724
[2026-02-18 17:09:08] [INFO] [tushare-collect] 开始采集Tushare数据: trade_cal
[2026-02-18 17:09:08] [INFO] [tushare-collect] 成功采集5条trade_cal数据
[2026-02-18 17:09:08] [INFO] [tushare-collect] 开始采集Tushare数据: trade_cal
[2026-02-18 17:09:09] [INFO] [tushare-collect] 成功采集14条trade_cal数据
[2026-02-18 17:09:09] [INFO] [tushare-collect] [quotes] 本周最后交易日: 20260213
[2026-02-18 17:09:09] [INFO] [tushare-collect] [quotes] 本月最后交易日: 20260227
[2026-02-18 17:09:09] [INFO] [tushare-collect] [stk_weekly_unadj] 采集参数: {'method': 'stk_weekly_monthly', 'trade_date': '20260213', 'fields': '*', 'freq': 'week'}
[2026-02-18 17:09:09] [INFO] [tushare-collect] 开始采集Tushare数据: stk_weekly_monthly
[2026-02-18 17:09:11] [INFO] [tushare-collect] 成功采集2000条stk_weekly_monthly数据
[2026-02-18 17:09:11] [INFO] [tushare-collect] [stk_weekly_unadj] 第1页,获取 2000 条数据
[2026-02-18 17:09:11] [INFO] [tushare-collect] 开始采集Tushare数据: stk_weekly_monthly
[2026-02-18 17:09:12] [INFO] [tushare-collect] 成功采集2000条stk_weekly_monthly数据
[2026-02-18 17:09:12] [INFO] [tushare-collect] [stk_weekly_unadj] 第2页,获取 2000 条数据
[2026-02-18 17:09:12] [INFO] [tushare-collect] 开始采集Tushare数据: stk_weekly_monthly
[2026-02-18 17:09:13] [INFO] [tushare-collect] 成功采集1476条stk_weekly_monthly数据
[2026-02-18 17:09:13] [INFO] [tushare-collect] [stk_weekly_unadj] 第3页,获取 1476 条数据
[2026-02-18 17:09:13] [INFO] [tushare-collect] 开始采集Tushare数据: stk_weekly_monthly
[2026-02-18 17:09:13] [INFO] [tushare-collect] 成功采集stk_weekly_monthly数据，数据为空
[2026-02-18 17:09:13] [INFO] [tushare-collect] [stk_weekly_unadj] 采集完成,共 5476 条数据
[2026-02-18 17:09:14] [INFO] [tushare-collect] upsert 受影响 5476 行
[2026-02-18 17:09:14] [INFO] [tushare-collect] 保存 5476 条数据到aistockzml_tushare_stk_weekly_unadj，模式: incremental
[2026-02-18 17:09:14] [INFO] [tushare-collect] [stk_weekly_unadj] 数据保存成功(incremental),共 5476 条
[2026-02-18 17:09:20] [INFO] [tushare-collect] [quotes] ==================================================
[2026-02-18 17:09:20] [INFO] [tushare-collect] [quotes] 执行时间: 2026-02-18 17:09:20.374368
[2026-02-18 17:09:20] [INFO] [tushare-collect] 开始采集Tushare数据: trade_cal
[2026-02-18 17:09:21] [INFO] [tushare-collect] 成功采集5条trade_cal数据
[2026-02-18 17:09:21] [INFO] [tushare-collect] 开始采集Tushare数据: trade_cal
[2026-02-18 17:09:21] [INFO] [tushare-collect] 成功采集14条trade_cal数据
[2026-02-18 17:09:21] [INFO] [tushare-collect] [quotes] 本周最后交易日: 20260213
[2026-02-18 17:09:21] [INFO] [tushare-collect] [quotes] 本月最后交易日: 20260227
[2026-02-18 17:09:21] [INFO] [tushare-collect] [stk_weekly_unadj] 采集参数: {'method': 'stk_weekly_monthly', 'trade_date': '20260213', 'fields': '*', 'freq': 'week'}
[2026-02-18 17:09:21] [INFO] [tushare-collect] 开始采集Tushare数据: stk_weekly_monthly
[2026-02-18 17:09:22] [INFO] [tushare-collect] 成功采集2000条stk_weekly_monthly数据
[2026-02-18 17:09:22] [INFO] [tushare-collect] [stk_weekly_unadj] 第1页,获取 2000 条数据
[2026-02-18 17:09:22] [INFO] [tushare-collect] 开始采集Tushare数据: stk_weekly_monthly
[2026-02-18 17:09:23] [INFO] [tushare-collect] 成功采集2000条stk_weekly_monthly数据
[2026-02-18 17:09:23] [INFO] [tushare-collect] [stk_weekly_unadj] 第2页,获取 2000 条数据
[2026-02-18 17:09:23] [INFO] [tushare-collect] 开始采集Tushare数据: stk_weekly_monthly
[2026-02-18 17:09:24] [INFO] [tushare-collect] 成功采集1476条stk_weekly_monthly数据
[2026-02-18 17:09:24] [INFO] [tushare-collect] [stk_weekly_unadj] 第3页,获取 1476 条数据
[2026-02-18 17:09:24] [INFO] [tushare-collect] 开始采集Tushare数据: stk_weekly_monthly
[2026-02-18 17:09:24] [INFO] [tushare-collect] 成功采集stk_weekly_monthly数据，数据为空
[2026-02-18 17:09:24] [INFO] [tushare-collect] [stk_weekly_unadj] 采集完成,共 5476 条数据
[2026-02-18 17:09:25] [INFO] [tushare-collect] upsert 受影响 5476 行
[2026-02-18 17:09:25] [INFO] [tushare-collect] 保存 5476 条数据到aistockzml_tushare_stk_weekly_unadj，模式: incremental
[2026-02-18 17:09:25] [INFO] [tushare-collect] [stk_weekly_unadj] 数据保存成功(incremental),共 5476 条
[2026-02-18 17:15:16] [INFO] [tushare-collect] [quotes] ==================================================
[2026-02-18 17:15:16] [INFO] [tushare-collect] [quotes] 执行时间: 2026-02-18 17:15:16.827498
[2026-02-18 17:15:16] [INFO] [tushare-collect] 开始采集Tushare数据: trade_cal
[2026-02-18 17:15:17] [INFO] [tushare-collect] 成功采集5条trade_cal数据
[2026-02-18 17:15:17] [INFO] [tushare-collect] 开始采集Tushare数据: trade_cal
[2026-02-18 17:15:17] [INFO] [tushare-collect] 成功采集14条trade_cal数据
[2026-02-18 17:15:17] [INFO] [tushare-collect] [quotes] 本周最后交易日: 20260213
[2026-02-18 17:15:17] [INFO] [tushare-collect] [quotes] 本月最后交易日: 20260227
[2026-02-18 17:15:17] [INFO] [tushare-collect] [stk_weekly_unadj] 采集参数: {'method': 'stk_weekly_monthly', 'trade_date': '20260213', 'fields': '*', 'freq': 'week'}
[2026-02-18 17:15:17] [INFO] [tushare-collect] 开始采集Tushare数据: stk_weekly_monthly
[2026-02-18 17:15:57] [INFO] [tushare-collect] [stk_weekly_unadj] 采集参数: {'method': 'stk_weekly_monthly', 'trade_date': '20260213', 'fields': '*', 'freq': 'week'}
[2026-02-18 17:15:57] [INFO] [tushare-collect] 开始采集Tushare数据: stk_weekly_monthly
[2026-02-18 17:15:59] [INFO] [tushare-collect] 成功采集2000条stk_weekly_monthly数据
[2026-02-18 17:15:59] [INFO] [tushare-collect] [stk_weekly_unadj] 第1页,获取 2000 条数据
[2026-02-18 17:15:59] [INFO] [tushare-collect] 开始采集Tushare数据: stk_weekly_monthly
[2026-02-18 17:16:04] [INFO] [tushare-collect] 成功采集2000条stk_weekly_monthly数据
[2026-02-18 17:16:04] [INFO] [tushare-collect] [stk_weekly_unadj] 第2页,获取 2000 条数据
[2026-02-18 17:16:04] [INFO] [tushare-collect] 开始采集Tushare数据: stk_weekly_monthly
[2026-02-18 17:16:07] [INFO] [tushare-collect] 成功采集1476条stk_weekly_monthly数据
[2026-02-18 17:16:07] [INFO] [tushare-collect] [stk_weekly_unadj] 第3页,获取 1476 条数据
[2026-02-18 17:16:07] [INFO] [tushare-collect] 开始采集Tushare数据: stk_weekly_monthly
[2026-02-18 17:16:07] [INFO] [tushare-collect] 成功采集stk_weekly_monthly数据，数据为空
[2026-02-18 17:16:07] [INFO] [tushare-collect] [stk_weekly_unadj] 采集完成,共 5476 条数据
[2026-02-18 17:16:08] [INFO] [tushare-collect] upsert 受影响 5476 行
[2026-02-18 17:16:08] [INFO] [tushare-collect] 保存 5476 条数据到aistockzml_tushare_stk_weekly_unadj，模式: incremental
[2026-02-18 17:16:08] [INFO] [tushare-collect] [stk_weekly_unadj] 数据保存成功(incremental),共 5476 条
[2026-02-18 17:17:09] [INFO] [tushare-collect] [quotes] ==================================================
[2026-02-18 17:17:09] [INFO] [tushare-collect] [quotes] 执行时间: 2026-02-18 17:17:09.314590
[2026-02-18 17:17:09] [INFO] [tushare-collect] 开始采集Tushare数据: trade_cal
[2026-02-18 17:17:09] [INFO] [tushare-collect] 成功采集5条trade_cal数据
[2026-02-18 17:17:09] [INFO] [tushare-collect] 开始采集Tushare数据: trade_cal
[2026-02-18 17:17:10] [INFO] [tushare-collect] 成功采集14条trade_cal数据
[2026-02-18 17:17:10] [INFO] [tushare-collect] [quotes] 本周最后交易日: 20260213
[2026-02-18 17:17:10] [INFO] [tushare-collect] [quotes] 本月最后交易日: 20260227
[2026-02-18 17:17:10] [INFO] [tushare-collect] [stk_weekly_unadj] 采集参数: {'method': 'stk_weekly_monthly', 'trade_date': '20260213', 'fields': '*', 'freq': 'week'}
[2026-02-18 17:17:10] [INFO] [tushare-collect] 开始采集Tushare数据: stk_weekly_monthly
[2026-02-18 17:17:11] [INFO] [tushare-collect] 成功采集2000条stk_weekly_monthly数据
[2026-02-18 17:17:11] [INFO] [tushare-collect] [stk_weekly_unadj] 第1页,获取 2000 条数据
[2026-02-18 17:17:11] [INFO] [tushare-collect] 开始采集Tushare数据: stk_weekly_monthly
[2026-02-18 17:17:13] [INFO] [tushare-collect] 成功采集2000条stk_weekly_monthly数据
[2026-02-18 17:17:13] [INFO] [tushare-collect] [stk_weekly_unadj] 第2页,获取 2000 条数据
[2026-02-18 17:17:13] [INFO] [tushare-collect] 开始采集Tushare数据: stk_weekly_monthly
[2026-02-18 17:17:16] [INFO] [tushare-collect] 成功采集1476条stk_weekly_monthly数据
[2026-02-18 17:17:16] [INFO] [tushare-collect] [stk_weekly_unadj] 第3页,获取 1476 条数据
[2026-02-18 17:17:16] [INFO] [tushare-collect] 开始采集Tushare数据: stk_weekly_monthly
[2026-02-18 17:17:17] [INFO] [tushare-collect] 成功采集stk_weekly_monthly数据，数据为空
[2026-02-18 17:17:17] [INFO] [tushare-collect] [stk_weekly_unadj] 采集完成,共 5476 条数据
[2026-02-18 17:17:17] [INFO] [tushare-collect] upsert 受影响 5476 行
[2026-02-18 17:17:17] [INFO] [tushare-collect] 保存 5476 条数据到aistockzml_tushare_stk_weekly_unadj，模式: incremental
[2026-02-18 17:17:17] [INFO] [tushare-collect] [stk_weekly_unadj] 数据保存成功(incremental),共 5476 条
[2026-02-18 17:36:09] [INFO] [tushare-collect] [quotes] ==================================================
[2026-02-18 17:36:09] [INFO] [tushare-collect] [quotes] 执行时间: 2026-02-18 17:36:09.866789
[2026-02-18 17:36:09] [INFO] [tushare-collect] 开始采集Tushare数据: trade_cal
[2026-02-18 17:36:10] [INFO] [tushare-collect] 成功采集5条trade_cal数据
[2026-02-18 17:36:10] [INFO] [tushare-collect] 开始采集Tushare数据: trade_cal
[2026-02-18 17:36:10] [INFO] [tushare-collect] 成功采集14条trade_cal数据
[2026-02-18 17:36:10] [INFO] [tushare-collect] [quotes] 本周最后交易日: 20260213
[2026-02-18 17:36:10] [INFO] [tushare-collect] [quotes] 本月最后交易日: 20260227
[2026-02-18 17:36:10] [INFO] [tushare-collect] [stk_weekly_unadj] 采集参数: {'method': 'stk_weekly_monthly', 'trade_date': '20260213', 'fields': '*', 'freq': 'week'}
[2026-02-18 17:36:10] [INFO] [tushare-collect] 开始采集Tushare数据: stk_weekly_monthly
[2026-02-18 17:36:11] [INFO] [tushare-collect] 成功采集2000条stk_weekly_monthly数据
[2026-02-18 17:36:11] [INFO] [tushare-collect] [stk_weekly_unadj] 第1页,获取 2000 条数据
[2026-02-18 17:36:11] [INFO] [tushare-collect] 开始采集Tushare数据: stk_weekly_monthly
[2026-02-18 17:36:12] [INFO] [tushare-collect] 成功采集2000条stk_weekly_monthly数据
[2026-02-18 17:36:12] [INFO] [tushare-collect] [stk_weekly_unadj] 第2页,获取 2000 条数据
[2026-02-18 17:36:12] [INFO] [tushare-collect] 开始采集Tushare数据: stk_weekly_monthly
[2026-02-18 17:36:12] [INFO] [tushare-collect] 成功采集1476条stk_weekly_monthly数据
[2026-02-18 17:36:12] [INFO] [tushare-collect] [stk_weekly_unadj] 第3页,获取 1476 条数据
[2026-02-18 17:36:12] [INFO] [tushare-collect] 开始采集Tushare数据: stk_weekly_monthly
[2026-02-18 17:36:13] [INFO] [tushare-collect] 成功采集stk_weekly_monthly数据，数据为空
[2026-02-18 17:36:13] [INFO] [tushare-collect] [stk_weekly_unadj] 采集完成,共 5476 条数据
[2026-02-18 17:36:23] [INFO] [tushare-collect] [stk_weekly_unadj] 采集参数: {'method': 'stk_weekly_monthly', 'trade_date': '20260213', 'fields': '*', 'freq': 'week'}
[2026-02-18 17:36:23] [INFO] [tushare-collect] 开始采集Tushare数据: stk_weekly_monthly
[2026-02-18 17:36:25] [INFO] [tushare-collect] 成功采集2000条stk_weekly_monthly数据
[2026-02-18 17:36:25] [INFO] [tushare-collect] [stk_weekly_unadj] 第1页,获取 2000 条数据
[2026-02-18 17:36:25] [INFO] [tushare-collect] 开始采集Tushare数据: stk_weekly_monthly
[2026-02-18 17:36:26] [INFO] [tushare-collect] 成功采集2000条stk_weekly_monthly数据
[2026-02-18 17:36:26] [INFO] [tushare-collect] [stk_weekly_unadj] 第2页,获取 2000 条数据
[2026-02-18 17:36:26] [INFO] [tushare-collect] 开始采集Tushare数据: stk_weekly_monthly
[2026-02-18 17:36:28] [INFO] [tushare-collect] 成功采集1476条stk_weekly_monthly数据
[2026-02-18 17:36:28] [INFO] [tushare-collect] [stk_weekly_unadj] 第3页,获取 1476 条数据
[2026-02-18 17:36:28] [INFO] [tushare-collect] 开始采集Tushare数据: stk_weekly_monthly
[2026-02-18 17:36:29] [INFO] [tushare-collect] 成功采集stk_weekly_monthly数据，数据为空
[2026-02-18 17:36:29] [INFO] [tushare-collect] [stk_weekly_unadj] 采集完成,共 5476 条数据
[2026-02-18 17:36:39] [INFO] [tushare-collect] [stk_weekly_unadj] 采集参数: {'method': 'stk_weekly_monthly', 'trade_date': '20260213', 'fields': '*', 'freq': 'week'}
[2026-02-18 17:36:39] [INFO] [tushare-collect] 开始采集Tushare数据: stk_weekly_monthly
[2026-02-18 17:36:40] [INFO] [tushare-collect] 成功采集2000条stk_weekly_monthly数据
[2026-02-18 17:36:40] [INFO] [tushare-collect] [stk_weekly_unadj] 第1页,获取 2000 条数据
[2026-02-18 17:36:40] [INFO] [tushare-collect] 开始采集Tushare数据: stk_weekly_monthly
[2026-02-18 17:36:42] [INFO] [tushare-collect] 成功采集2000条stk_weekly_monthly数据
[2026-02-18 17:36:42] [INFO] [tushare-collect] [stk_weekly_unadj] 第2页,获取 2000 条数据
[2026-02-18 17:36:42] [INFO] [tushare-collect] 开始采集Tushare数据: stk_weekly_monthly
[2026-02-18 17:36:45] [INFO] [tushare-collect] 成功采集1476条stk_weekly_monthly数据
[2026-02-18 17:36:45] [INFO] [tushare-collect] [stk_weekly_unadj] 第3页,获取 1476 条数据
[2026-02-18 17:36:45] [INFO] [tushare-collect] 开始采集Tushare数据: stk_weekly_monthly
[2026-02-18 17:36:45] [INFO] [tushare-collect] 成功采集stk_weekly_monthly数据，数据为空
[2026-02-18 17:36:45] [INFO] [tushare-collect] [stk_weekly_unadj] 采集完成,共 5476 条数据
[2026-02-18 17:36:55] [INFO] [tushare-collect] [stk_weekly_unadj] 采集参数: {'method': 'stk_weekly_monthly', 'trade_date': '20260213', 'fields': '*', 'freq': 'week'}
[2026-02-18 17:36:55] [INFO] [tushare-collect] 开始采集Tushare数据: stk_weekly_monthly
[2026-02-18 17:36:56] [INFO] [tushare-collect] 成功采集2000条stk_weekly_monthly数据
[2026-02-18 17:36:56] [INFO] [tushare-collect] [stk_weekly_unadj] 第1页,获取 2000 条数据
[2026-02-18 17:36:56] [INFO] [tushare-collect] 开始采集Tushare数据: stk_weekly_monthly
[2026-02-18 17:36:56] [INFO] [tushare-collect] 成功采集2000条stk_weekly_monthly数据
[2026-02-18 17:36:56] [INFO] [tushare-collect] [stk_weekly_unadj] 第2页,获取 2000 条数据
[2026-02-18 17:36:56] [INFO] [tushare-collect] 开始采集Tushare数据: stk_weekly_monthly
[2026-02-18 17:36:57] [INFO] [tushare-collect] 成功采集1476条stk_weekly_monthly数据
[2026-02-18 17:36:57] [INFO] [tushare-collect] [stk_weekly_unadj] 第3页,获取 1476 条数据
[2026-02-18 17:36:57] [INFO] [tushare-collect] 开始采集Tushare数据: stk_weekly_monthly
[2026-02-18 17:36:57] [INFO] [tushare-collect] 成功采集stk_weekly_monthly数据，数据为空
[2026-02-18 17:36:57] [INFO] [tushare-collect] [stk_weekly_unadj] 采集完成,共 5476 条数据
[2026-02-18 17:37:23] [INFO] [tushare-collect] [quotes] ==================================================
[2026-02-18 17:37:23] [INFO] [tushare-collect] [quotes] 执行时间: 2026-02-18 17:37:23.758513
[2026-02-18 17:37:23] [INFO] [tushare-collect] 开始采集Tushare数据: trade_cal
[2026-02-18 17:37:24] [INFO] [tushare-collect] 成功采集5条trade_cal数据
[2026-02-18 17:37:24] [INFO] [tushare-collect] 开始采集Tushare数据: trade_cal
[2026-02-18 17:37:24] [INFO] [tushare-collect] 成功采集14条trade_cal数据
[2026-02-18 17:37:24] [INFO] [tushare-collect] [quotes] 本周最后交易日: 20260213
[2026-02-18 17:37:24] [INFO] [tushare-collect] [quotes] 本月最后交易日: 20260227
[2026-02-18 17:37:24] [INFO] [tushare-collect] [stk_weekly_unadj] 采集参数: {'method': 'stk_weekly_monthly', 'trade_date': '20260213', 'fields': '*', 'freq': 'week'}
[2026-02-18 17:37:24] [INFO] [tushare-collect] 开始采集Tushare数据: stk_weekly_monthly
[2026-02-18 17:37:25] [INFO] [tushare-collect] 成功采集2000条stk_weekly_monthly数据
[2026-02-18 17:37:25] [INFO] [tushare-collect] [stk_weekly_unadj] 第1页,获取 2000 条数据
[2026-02-18 17:37:25] [INFO] [tushare-collect] 开始采集Tushare数据: stk_weekly_monthly
[2026-02-18 17:37:26] [INFO] [tushare-collect] 成功采集2000条stk_weekly_monthly数据
[2026-02-18 17:37:26] [INFO] [tushare-collect] [stk_weekly_unadj] 第2页,获取 2000 条数据
[2026-02-18 17:37:26] [INFO] [tushare-collect] 开始采集Tushare数据: stk_weekly_monthly
[2026-02-18 17:37:26] [INFO] [tushare-collect] 成功采集1476条stk_weekly_monthly数据
[2026-02-18 17:37:26] [INFO] [tushare-collect] [stk_weekly_unadj] 第3页,获取 1476 条数据
[2026-02-18 17:37:26] [INFO] [tushare-collect] 开始采集Tushare数据: stk_weekly_monthly
[2026-02-18 17:37:27] [INFO] [tushare-collect] 成功采集stk_weekly_monthly数据，数据为空
[2026-02-18 17:37:27] [INFO] [tushare-collect] [stk_weekly_unadj] 采集完成,共 5476 条数据
[2026-02-18 17:37:27] [INFO] [tushare-collect] [stk_weekly_unadj] 去重后 4622 条股票数据
[2026-02-18 17:37:28] [INFO] [tushare-collect] upsert 受影响 5476 行
[2026-02-18 17:37:28] [INFO] [tushare-collect] 保存 5476 条数据到aistockzml_tushare_stk_weekly_unadj，模式: incremental
[2026-02-18 17:37:28] [INFO] [tushare-collect] [stk_weekly_unadj] 数据保存成功(incremental),共 5476 条
[2026-02-18 17:42:26] [INFO] [tushare-collect] 开始采集Tushare数据: stk_weekly_monthly
[2026-02-18 17:42:29] [INFO] [tushare-collect] 成功采集5476条stk_weekly_monthly数据
[2026-02-18 17:43:12] [INFO] [tushare-collect] 开始采集Tushare数据: stk_weekly_monthly
[2026-02-18 17:43:15] [INFO] [tushare-collect] 成功采集5476条stk_weekly_monthly数据
[2026-02-18 19:50:35] [INFO] [tushare-collect] [quotes] ==================================================
[2026-02-18 19:50:35] [INFO] [tushare-collect] [quotes] 执行时间: 2026-02-18 19:50:35.058474
[2026-02-18 19:50:35] [INFO] [tushare-collect] 开始采集Tushare数据: trade_cal
[2026-02-18 19:50:35] [INFO] [tushare-collect] 成功采集5条trade_cal数据
[2026-02-18 19:50:35] [INFO] [tushare-collect] 开始采集Tushare数据: trade_cal
[2026-02-18 19:50:36] [INFO] [tushare-collect] 成功采集14条trade_cal数据
[2026-02-18 19:50:36] [INFO] [tushare-collect] [quotes] 本周最后交易日: 20260213
[2026-02-18 19:50:36] [INFO] [tushare-collect] [quotes] 本月最后交易日: 20260227
[2026-02-18 19:50:36] [INFO] [tushare-collect] [stk_weekly_unadj] 采集参数: {'method': 'stk_weekly_monthly', 'trade_date': '20260213', 'fields': '*', 'freq': 'week'}
[2026-02-18 19:50:36] [INFO] [tushare-collect] 开始采集Tushare数据: stk_weekly_monthly
[2026-02-18 19:50:43] [INFO] [tushare-collect] 成功采集5476条stk_weekly_monthly数据
[2026-02-18 19:50:43] [INFO] [tushare-collect] [stk_weekly_unadj] 第1页,获取 5476 条数据
[2026-02-18 19:50:43] [INFO] [tushare-collect] 开始采集Tushare数据: stk_weekly_monthly
[2026-02-18 19:50:43] [INFO] [tushare-collect] 成功采集stk_weekly_monthly数据，数据为空
[2026-02-18 19:50:43] [INFO] [tushare-collect] [stk_weekly_unadj] 采集完成,共 5476 条数据
[2026-02-18 19:50:43] [INFO] [tushare-collect] [stk_weekly_unadj] 去重后 5476 条股票数据
[2026-02-18 19:50:44] [INFO] [tushare-collect] upsert 受影响 5476 行
[2026-02-18 19:50:44] [INFO] [tushare-collect] 保存 5476 条数据到aistockzml_tushare_stk_weekly_unadj，模式: incremental
[2026-02-18 19:50:44] [INFO] [tushare-collect] [stk_weekly_unadj] 数据保存成功(incremental),共 5476 条
[2026-02-18 21:39:01] [INFO] [tushare-collect] [quotes] ==================================================
[2026-02-18 21:39:01] [INFO] [tushare-collect] [quotes] 执行时间: 2026-02-18 21:39:01.593640
[2026-02-18 21:39:01] [INFO] [tushare-collect] 开始采集Tushare数据: trade_cal
[2026-02-18 21:39:02] [INFO] [tushare-collect] 成功采集5条trade_cal数据
[2026-02-18 21:39:02] [INFO] [tushare-collect] 开始采集Tushare数据: trade_cal
[2026-02-18 21:39:02] [INFO] [tushare-collect] 成功采集14条trade_cal数据
[2026-02-18 21:39:02] [INFO] [tushare-collect] [quotes] 本周最后交易日: 20260213
[2026-02-18 21:39:02] [INFO] [tushare-collect] [quotes] 本月最后交易日: 20260227
[2026-02-18 21:39:02] [INFO] [tushare-collect] [quotes] 本周周五: 20260213
[2026-02-18 21:39:02] [INFO] [tushare-collect] [quotes] 本月最后交易日: 20260228
[2026-02-18 22:01:02] [INFO] [tushare-collect] [quotes] ==================================================
[2026-02-18 22:01:02] [INFO] [tushare-collect] [quotes] 执行时间: 2026-02-18 22:01:02.810626
[2026-02-18 22:01:02] [INFO] [tushare-collect] 开始采集Tushare数据: trade_cal
[2026-02-18 22:01:04] [INFO] [tushare-collect] 成功采集5条trade_cal数据
[2026-02-18 22:01:04] [INFO] [tushare-collect] 开始采集Tushare数据: trade_cal
[2026-02-18 22:01:04] [INFO] [tushare-collect] 成功采集14条trade_cal数据
[2026-02-18 22:01:04] [INFO] [tushare-collect] [quotes] 本周最后交易日: 20260213
[2026-02-18 22:01:04] [INFO] [tushare-collect] [quotes] 本月最后交易日: 20260227
[2026-02-18 22:01:04] [INFO] [tushare-collect] [quotes] 本周周五: 20260213
[2026-02-18 22:01:04] [INFO] [tushare-collect] [quotes] 本月最后自然日: 20260228
[2026-02-18 22:01:04] [INFO] [tushare-collect] [stk_monthly_unadj] 采集参数: {'method': 'stk_weekly_monthly', 'trade_date': '20260228', 'fields': '*', 'freq': 'month'}
[2026-02-18 22:01:04] [INFO] [tushare-collect] 开始采集Tushare数据: stk_weekly_monthly
[2026-02-18 22:01:10] [INFO] [tushare-collect] 成功采集5481条stk_weekly_monthly数据
[2026-02-18 22:01:10] [INFO] [tushare-collect] [stk_monthly_unadj] 第1页,获取 5481 条数据
[2026-02-18 22:01:10] [INFO] [tushare-collect] 开始采集Tushare数据: stk_weekly_monthly
[2026-02-18 22:01:10] [INFO] [tushare-collect] 成功采集stk_weekly_monthly数据，数据为空
[2026-02-18 22:01:10] [INFO] [tushare-collect] [stk_monthly_unadj] 采集完成,共 5481 条数据
[2026-02-18 22:01:10] [INFO] [tushare-collect] [stk_monthly_unadj] 去重后 5481 条股票数据
[2026-02-18 22:01:11] [INFO] [tushare-collect] upsert 受影响 5481 行
[2026-02-18 22:01:11] [INFO] [tushare-collect] 保存 5481 条数据到aistockzml_tushare_stk_monthly_unadj，模式: incremental
[2026-02-18 22:01:11] [INFO] [tushare-collect] [stk_monthly_unadj] 数据保存成功(incremental),共 5481 条
[2026-02-18 22:15:43] [INFO] [tushare-collect] [quotes] ==================================================
[2026-02-18 22:15:43] [INFO] [tushare-collect] [quotes] 执行时间: 2026-02-18 22:15:43.924406
[2026-02-18 22:15:43] [INFO] [tushare-collect] 开始采集Tushare数据: trade_cal
[2026-02-18 22:15:44] [INFO] [tushare-collect] 成功采集5条trade_cal数据
[2026-02-18 22:15:44] [INFO] [tushare-collect] 开始采集Tushare数据: trade_cal
[2026-02-18 22:15:44] [INFO] [tushare-collect] 成功采集14条trade_cal数据
[2026-02-18 22:15:44] [INFO] [tushare-collect] [quotes] 本周最后交易日: 20260213
[2026-02-18 22:15:44] [INFO] [tushare-collect] [quotes] 本月最后交易日: 20260227
[2026-02-18 22:15:44] [INFO] [tushare-collect] [quotes] 本周周五: 20260213
[2026-02-18 22:15:44] [INFO] [tushare-collect] [quotes] 本月最后自然日: 20260228
[2026-02-18 22:15:44] [INFO] [tushare-collect] [stk_weekly_adj] 采集参数: {'method': 'stk_week_month_adj', 'trade_date': '20260213', 'fields': '*', 'freq': 'week'}
[2026-02-18 22:15:44] [INFO] [tushare-collect] 开始采集Tushare数据: stk_week_month_adj
[2026-02-18 22:15:45] [INFO] [tushare-collect] 成功采集5476条stk_week_month_adj数据
[2026-02-18 22:15:45] [INFO] [tushare-collect] [stk_weekly_adj] 第1页,获取 5476 条数据
[2026-02-18 22:15:45] [INFO] [tushare-collect] 开始采集Tushare数据: stk_week_month_adj
[2026-02-18 22:15:46] [INFO] [tushare-collect] 成功采集stk_week_month_adj数据，数据为空
[2026-02-18 22:15:46] [INFO] [tushare-collect] [stk_weekly_adj] 采集完成,共 5476 条数据
[2026-02-18 22:15:46] [INFO] [tushare-collect] [stk_weekly_adj] 去重后 5476 条股票数据
[2026-02-18 22:15:47] [INFO] [tushare-collect] upsert 受影响 5476 行
[2026-02-18 22:15:47] [INFO] [tushare-collect] 保存 5476 条数据到aistockzml_tushare_stk_weekly_adj，模式: incremental
[2026-02-18 22:15:47] [INFO] [tushare-collect] [stk_weekly_adj] 数据保存成功(incremental),共 5476 条
[2026-02-18 22:16:52] [INFO] [tushare-collect] [quotes] ==================================================
[2026-02-18 22:16:52] [INFO] [tushare-collect] [quotes] 执行时间: 2026-02-18 22:16:52.552897
[2026-02-18 22:16:52] [INFO] [tushare-collect] 开始采集Tushare数据: trade_cal
[2026-02-18 22:16:52] [INFO] [tushare-collect] 成功采集5条trade_cal数据
[2026-02-18 22:16:52] [INFO] [tushare-collect] 开始采集Tushare数据: trade_cal
[2026-02-18 22:16:53] [INFO] [tushare-collect] 成功采集14条trade_cal数据
[2026-02-18 22:16:53] [INFO] [tushare-collect] [quotes] 本周最后交易日: 20260206
[2026-02-18 22:16:53] [INFO] [tushare-collect] [quotes] 本月最后交易日: 20260227
[2026-02-18 22:16:53] [INFO] [tushare-collect] [quotes] 本周周五: 20260206
[2026-02-18 22:16:53] [INFO] [tushare-collect] [quotes] 本月最后自然日: 20260228
[2026-02-18 22:16:53] [INFO] [tushare-collect] [stk_weekly_adj] 采集参数: {'method': 'stk_week_month_adj', 'trade_date': '20260206', 'fields': '*', 'freq': 'week'}
[2026-02-18 22:16:53] [INFO] [tushare-collect] 开始采集Tushare数据: stk_week_month_adj
[2026-02-18 22:17:33] [INFO] [tushare-collect] [stk_weekly_adj] 采集参数: {'method': 'stk_week_month_adj', 'trade_date': '20260206', 'fields': '*', 'freq': 'week'}
[2026-02-18 22:17:33] [INFO] [tushare-collect] 开始采集Tushare数据: stk_week_month_adj
[2026-02-18 22:17:35] [INFO] [tushare-collect] 成功采集5472条stk_week_month_adj数据
[2026-02-18 22:17:35] [INFO] [tushare-collect] [stk_weekly_adj] 第1页,获取 5472 条数据
[2026-02-18 22:17:35] [INFO] [tushare-collect] 开始采集Tushare数据: stk_week_month_adj
[2026-02-18 22:17:35] [INFO] [tushare-collect] 成功采集stk_week_month_adj数据，数据为空
[2026-02-18 22:17:35] [INFO] [tushare-collect] [stk_weekly_adj] 采集完成,共 5472 条数据
[2026-02-18 22:17:35] [INFO] [tushare-collect] [stk_weekly_adj] 去重后 5472 条股票数据
[2026-02-18 22:17:36] [INFO] [tushare-collect] upsert 受影响 5472 行
[2026-02-18 22:17:36] [INFO] [tushare-collect] 保存 5472 条数据到aistockzml_tushare_stk_weekly_adj，模式: incremental
[2026-02-18 22:17:36] [INFO] [tushare-collect] [stk_weekly_adj] 数据保存成功(incremental),共 5472 条
[2026-02-18 22:18:05] [INFO] [tushare-collect] [quotes] ==================================================
[2026-02-18 22:18:05] [INFO] [tushare-collect] [quotes] 执行时间: 2026-02-18 22:18:05.989878
[2026-02-18 22:18:06] [INFO] [tushare-collect] 开始采集Tushare数据: trade_cal
[2026-02-18 22:18:06] [INFO] [tushare-collect] 成功采集5条trade_cal数据
[2026-02-18 22:18:06] [INFO] [tushare-collect] 开始采集Tushare数据: trade_cal
[2026-02-18 22:18:06] [INFO] [tushare-collect] 成功采集14条trade_cal数据
[2026-02-18 22:18:06] [INFO] [tushare-collect] [quotes] 本周最后交易日: 20260206
[2026-02-18 22:18:06] [INFO] [tushare-collect] [quotes] 本月最后交易日: 20260227
[2026-02-18 22:18:06] [INFO] [tushare-collect] [quotes] 本周周五: 20260206
[2026-02-18 22:18:06] [INFO] [tushare-collect] [quotes] 本月最后自然日: 20260228
[2026-02-18 22:18:06] [INFO] [tushare-collect] [stk_weekly_adj] 采集参数: {'method': 'stk_week_month_adj', 'trade_date': '20260206', 'fields': '*', 'freq': 'week'}
[2026-02-18 22:18:06] [INFO] [tushare-collect] 开始采集Tushare数据: stk_week_month_adj
[2026-02-18 22:18:08] [INFO] [tushare-collect] 成功采集5472条stk_week_month_adj数据
[2026-02-18 22:18:08] [INFO] [tushare-collect] [stk_weekly_adj] 第1页,获取 5472 条数据
[2026-02-18 22:18:08] [INFO] [tushare-collect] 开始采集Tushare数据: stk_week_month_adj
[2026-02-18 22:18:09] [INFO] [tushare-collect] 成功采集stk_week_month_adj数据，数据为空
[2026-02-18 22:18:09] [INFO] [tushare-collect] [stk_weekly_adj] 采集完成,共 5472 条数据
[2026-02-18 22:18:09] [INFO] [tushare-collect] [stk_weekly_adj] 去重后 5472 条股票数据
[2026-02-18 22:18:10] [INFO] [tushare-collect] upsert 受影响 5472 行
[2026-02-18 22:18:10] [INFO] [tushare-collect] 保存 5472 条数据到aistockzml_tushare_stk_weekly_adj，模式: incremental
[2026-02-18 22:18:10] [INFO] [tushare-collect] [stk_weekly_adj] 数据保存成功(incremental),共 5472 条
[2026-02-18 22:23:48] [INFO] [tushare-collect] [quotes] ==================================================
[2026-02-18 22:23:48] [INFO] [tushare-collect] [quotes] 执行时间: 2026-02-18 22:23:48.665186
[2026-02-18 22:23:48] [INFO] [tushare-collect] 开始采集Tushare数据: trade_cal
[2026-02-18 22:23:48] [INFO] [tushare-collect] 成功采集5条trade_cal数据
[2026-02-18 22:23:49] [INFO] [tushare-collect] 开始采集Tushare数据: trade_cal
[2026-02-18 22:23:49] [INFO] [tushare-collect] 成功采集14条trade_cal数据
[2026-02-18 22:23:49] [INFO] [tushare-collect] [quotes] 本周最后交易日: 20260206
[2026-02-18 22:23:49] [INFO] [tushare-collect] [quotes] 本月最后交易日: 20260227
[2026-02-18 22:23:49] [INFO] [tushare-collect] [quotes] 本周周五: 20260206
[2026-02-18 22:23:49] [INFO] [tushare-collect] [quotes] 本月最后自然日: 20260228
[2026-02-18 22:23:49] [INFO] [tushare-collect] [stk_monthly_adj] 采集参数: {'method': 'stk_week_month_adj', 'trade_date': '20260228', 'fields': '*', 'freq': 'month'}
[2026-02-18 22:23:49] [INFO] [tushare-collect] 开始采集Tushare数据: stk_week_month_adj
[2026-02-18 22:23:52] [INFO] [tushare-collect] 成功采集5481条stk_week_month_adj数据
[2026-02-18 22:23:52] [INFO] [tushare-collect] [stk_monthly_adj] 第1页,获取 5481 条数据
[2026-02-18 22:23:52] [INFO] [tushare-collect] 开始采集Tushare数据: stk_week_month_adj
[2026-02-18 22:23:53] [INFO] [tushare-collect] 成功采集stk_week_month_adj数据，数据为空
[2026-02-18 22:23:53] [INFO] [tushare-collect] [stk_monthly_adj] 采集完成,共 5481 条数据
[2026-02-18 22:23:53] [INFO] [tushare-collect] [stk_monthly_adj] 去重后 5481 条股票数据
[2026-02-18 22:23:54] [INFO] [tushare-collect] upsert 受影响 5481 行
[2026-02-18 22:23:54] [INFO] [tushare-collect] 保存 5481 条数据到aistockzml_tushare_stk_monthly_adj，模式: incremental
[2026-02-18 22:23:54] [INFO] [tushare-collect] [stk_monthly_adj] 数据保存成功(incremental),共 5481 条
[2026-02-18 22:25:02] [INFO] [tushare-collect] [quotes] ==================================================
[2026-02-18 22:25:02] [INFO] [tushare-collect] [quotes] 执行时间: 2026-02-18 22:25:02.503750
[2026-02-18 22:25:02] [INFO] [tushare-collect] 开始采集Tushare数据: trade_cal
[2026-02-18 22:25:02] [INFO] [tushare-collect] 成功采集3条trade_cal数据
[2026-02-18 22:25:02] [INFO] [tushare-collect] 开始采集Tushare数据: trade_cal
[2026-02-18 22:25:03] [INFO] [tushare-collect] 成功采集20条trade_cal数据
[2026-02-18 22:25:03] [INFO] [tushare-collect] [quotes] 本周最后交易日: 20251231
[2026-02-18 22:25:03] [INFO] [tushare-collect] [quotes] 本月最后交易日: 20260130
[2026-02-18 22:25:03] [INFO] [tushare-collect] [quotes] 本周周五: 20260102
[2026-02-18 22:25:03] [INFO] [tushare-collect] [quotes] 本月最后自然日: 20260131
[2026-02-18 22:25:03] [INFO] [tushare-collect] [stk_monthly_adj] 采集参数: {'method': 'stk_week_month_adj', 'trade_date': '20260131', 'fields': '*', 'freq': 'month'}
[2026-02-18 22:25:03] [INFO] [tushare-collect] 开始采集Tushare数据: stk_week_month_adj
[2026-02-18 22:25:05] [INFO] [tushare-collect] 成功采集5478条stk_week_month_adj数据
[2026-02-18 22:25:05] [INFO] [tushare-collect] [stk_monthly_adj] 第1页,获取 5478 条数据
[2026-02-18 22:25:05] [INFO] [tushare-collect] 开始采集Tushare数据: stk_week_month_adj
[2026-02-18 22:25:05] [INFO] [tushare-collect] 成功采集stk_week_month_adj数据，数据为空
[2026-02-18 22:25:05] [INFO] [tushare-collect] [stk_monthly_adj] 采集完成,共 5478 条数据
[2026-02-18 22:25:05] [INFO] [tushare-collect] [stk_monthly_adj] 去重后 5478 条股票数据
[2026-02-18 22:25:06] [INFO] [tushare-collect] upsert 受影响 5478 行
[2026-02-18 22:25:06] [INFO] [tushare-collect] 保存 5478 条数据到aistockzml_tushare_stk_monthly_adj，模式: incremental
[2026-02-18 22:25:06] [INFO] [tushare-collect] [stk_monthly_adj] 数据保存成功(incremental),共 5478 条
[2026-02-18 22:47:44] [INFO] [tushare-collect] [quotes] ==================================================
[2026-02-18 22:47:44] [INFO] [tushare-collect] [quotes] 执行时间: 2026-02-18 22:47:44.475552
[2026-02-18 22:47:44] [INFO] [tushare-collect] 开始采集Tushare数据: trade_cal
[2026-02-18 22:47:44] [INFO] [tushare-collect] 成功采集5条trade_cal数据
[2026-02-18 22:47:44] [INFO] [tushare-collect] 开始采集Tushare数据: trade_cal
[2026-02-18 22:47:45] [INFO] [tushare-collect] 成功采集14条trade_cal数据
[2026-02-18 22:47:45] [INFO] [tushare-collect] [quotes] 本周最后交易日: 20260213
[2026-02-18 22:47:45] [INFO] [tushare-collect] [quotes] 本月最后交易日: 20260227
[2026-02-18 22:47:45] [INFO] [tushare-collect] [quotes] 本周周五: 20260213
[2026-02-18 22:47:45] [INFO] [tushare-collect] [quotes] 本月最后自然日: 20260228
[2026-02-18 22:47:45] [INFO] [tushare-collect] [daily_basic] 采集参数: {'method': 'daily_basic', 'trade_date': '20260212', 'fields': '*'}
[2026-02-18 22:47:45] [INFO] [tushare-collect] 开始采集Tushare数据: daily_basic
[2026-02-18 22:47:46] [INFO] [tushare-collect] 成功采集2000条daily_basic数据
[2026-02-18 22:47:46] [INFO] [tushare-collect] [daily_basic] 第1页,获取 2000 条数据
[2026-02-18 22:47:46] [INFO] [tushare-collect] 开始采集Tushare数据: daily_basic
[2026-02-18 22:47:47] [INFO] [tushare-collect] 成功采集2000条daily_basic数据
[2026-02-18 22:47:47] [INFO] [tushare-collect] [daily_basic] 第2页,获取 2000 条数据
[2026-02-18 22:47:47] [INFO] [tushare-collect] 开始采集Tushare数据: daily_basic
[2026-02-18 22:47:48] [INFO] [tushare-collect] 成功采集1476条daily_basic数据
[2026-02-18 22:47:48] [INFO] [tushare-collect] [daily_basic] 第3页,获取 1476 条数据
[2026-02-18 22:47:48] [INFO] [tushare-collect] 开始采集Tushare数据: daily_basic
[2026-02-18 22:47:48] [INFO] [tushare-collect] 成功采集daily_basic数据，数据为空
[2026-02-18 22:47:48] [INFO] [tushare-collect] [daily_basic] 采集完成,共 5476 条数据
[2026-02-18 22:47:49] [INFO] [tushare-collect] upsert 受影响 5476 行
[2026-02-18 22:47:49] [INFO] [tushare-collect] 保存 5476 条数据到aistockzml_tushare_daily_basic，模式: incremental
[2026-02-18 22:47:49] [INFO] [tushare-collect] [daily_basic] 数据保存成功(incremental),共 5476 条
[2026-02-18 23:08:14] [INFO] [tushare-collect] [quotes] ==================================================
[2026-02-18 23:08:14] [INFO] [tushare-collect] [quotes] 执行时间: 2026-02-18 23:08:14.517235
[2026-02-18 23:08:14] [INFO] [tushare-collect] 开始采集Tushare数据: trade_cal
[2026-02-18 23:08:16] [INFO] [tushare-collect] 成功采集5条trade_cal数据
[2026-02-18 23:08:16] [INFO] [tushare-collect] 开始采集Tushare数据: trade_cal
[2026-02-18 23:08:17] [INFO] [tushare-collect] 成功采集14条trade_cal数据
[2026-02-18 23:08:17] [INFO] [tushare-collect] [quotes] 本周最后交易日: 20260213
[2026-02-18 23:08:17] [INFO] [tushare-collect] [quotes] 本月最后交易日: 20260227
[2026-02-18 23:08:17] [INFO] [tushare-collect] [quotes] 本周周五: 20260213
[2026-02-18 23:08:17] [INFO] [tushare-collect] [quotes] 本月最后自然日: 20260228
[2026-02-18 23:08:17] [INFO] [tushare-collect] [suspend_d] 采集参数: {'method': 'suspend_d', 'trade_date': '20260212', 'fields': '*'}
[2026-02-18 23:08:17] [INFO] [tushare-collect] 开始采集Tushare数据: suspend_d
[2026-02-18 23:08:17] [INFO] [tushare-collect] 成功采集15条suspend_d数据
[2026-02-18 23:08:17] [INFO] [tushare-collect] [suspend_d] 第1页,获取 15 条数据
[2026-02-18 23:08:17] [INFO] [tushare-collect] 开始采集Tushare数据: suspend_d
[2026-02-18 23:08:17] [INFO] [tushare-collect] 成功采集suspend_d数据，数据为空
[2026-02-18 23:08:17] [INFO] [tushare-collect] [suspend_d] 采集完成,共 15 条数据
[2026-02-18 23:08:18] [INFO] [tushare-collect] upsert 受影响 15 行
[2026-02-18 23:08:18] [INFO] [tushare-collect] 保存 15 条数据到aistockzml_tushare_suspend_d，模式: incremental
[2026-02-18 23:08:18] [INFO] [tushare-collect] [suspend_d] 数据保存成功(incremental),共 15 条
[2026-02-18 23:09:12] [INFO] [tushare-collect] [quotes] ==================================================
[2026-02-18 23:09:12] [INFO] [tushare-collect] [quotes] 执行时间: 2026-02-18 23:09:12.799806
[2026-02-18 23:09:12] [INFO] [tushare-collect] 开始采集Tushare数据: trade_cal
[2026-02-18 23:09:13] [INFO] [tushare-collect] 成功采集5条trade_cal数据
[2026-02-18 23:09:13] [INFO] [tushare-collect] 开始采集Tushare数据: trade_cal
[2026-02-18 23:09:13] [INFO] [tushare-collect] 成功采集14条trade_cal数据
[2026-02-18 23:09:13] [INFO] [tushare-collect] [quotes] 本周最后交易日: 20260213
[2026-02-18 23:09:13] [INFO] [tushare-collect] [quotes] 本月最后交易日: 20260227
[2026-02-18 23:09:13] [INFO] [tushare-collect] [quotes] 本周周五: 20260213
[2026-02-18 23:09:13] [INFO] [tushare-collect] [quotes] 本月最后自然日: 20260228
[2026-02-18 23:09:13] [INFO] [tushare-collect] [suspend_d] 采集参数: {'method': 'suspend_d', 'trade_date': '20260213', 'fields': '*'}
[2026-02-18 23:09:13] [INFO] [tushare-collect] 开始采集Tushare数据: suspend_d
[2026-02-18 23:09:13] [INFO] [tushare-collect] 成功采集11条suspend_d数据
[2026-02-18 23:09:13] [INFO] [tushare-collect] [suspend_d] 第1页,获取 11 条数据
[2026-02-18 23:09:13] [INFO] [tushare-collect] 开始采集Tushare数据: suspend_d
[2026-02-18 23:09:14] [INFO] [tushare-collect] 成功采集suspend_d数据，数据为空
[2026-02-18 23:09:14] [INFO] [tushare-collect] [suspend_d] 采集完成,共 11 条数据
[2026-02-18 23:09:14] [INFO] [tushare-collect] upsert 受影响 11 行
[2026-02-18 23:09:14] [INFO] [tushare-collect] 保存 11 条数据到aistockzml_tushare_suspend_d，模式: incremental
[2026-02-18 23:09:14] [INFO] [tushare-collect] [suspend_d] 数据保存成功(incremental),共 11 条
[2026-02-18 23:15:19] [INFO] [tushare-collect] [quotes] ==================================================
[2026-02-18 23:15:19] [INFO] [tushare-collect] [quotes] 执行时间: 2026-02-18 23:15:19.127720
[2026-02-18 23:15:19] [INFO] [tushare-collect] 开始采集Tushare数据: trade_cal
[2026-02-18 23:15:19] [INFO] [tushare-collect] 成功采集5条trade_cal数据
[2026-02-18 23:15:19] [INFO] [tushare-collect] 开始采集Tushare数据: trade_cal
[2026-02-18 23:15:19] [INFO] [tushare-collect] 成功采集14条trade_cal数据
[2026-02-18 23:15:19] [INFO] [tushare-collect] [quotes] 本周最后交易日: 20260213
[2026-02-18 23:15:19] [INFO] [tushare-collect] [quotes] 本月最后交易日: 20260227
[2026-02-18 23:15:19] [INFO] [tushare-collect] [quotes] 本周周五: 20260213
[2026-02-18 23:15:19] [INFO] [tushare-collect] [quotes] 本月最后自然日: 20260228
[2026-02-18 23:15:19] [INFO] [tushare-collect] [bak_daily] 采集参数: {'method': 'bak_daily', 'trade_date': '20260213', 'fields': '*'}
[2026-02-18 23:15:19] [INFO] [tushare-collect] 开始采集Tushare数据: bak_daily
[2026-02-18 23:15:27] [INFO] [tushare-collect] 成功采集2000条bak_daily数据
[2026-02-18 23:15:27] [INFO] [tushare-collect] [bak_daily] 第1页,获取 2000 条数据
[2026-02-18 23:15:27] [INFO] [tushare-collect] 开始采集Tushare数据: bak_daily
[2026-02-18 23:15:29] [INFO] [tushare-collect] 成功采集2000条bak_daily数据
[2026-02-18 23:15:29] [INFO] [tushare-collect] [bak_daily] 第2页,获取 2000 条数据
[2026-02-18 23:15:29] [INFO] [tushare-collect] 开始采集Tushare数据: bak_daily
[2026-02-18 23:15:31] [INFO] [tushare-collect] 成功采集1487条bak_daily数据
[2026-02-18 23:15:31] [INFO] [tushare-collect] [bak_daily] 第3页,获取 1487 条数据
[2026-02-18 23:15:31] [INFO] [tushare-collect] 开始采集Tushare数据: bak_daily
[2026-02-18 23:15:31] [INFO] [tushare-collect] 成功采集bak_daily数据，数据为空
[2026-02-18 23:15:31] [INFO] [tushare-collect] [bak_daily] 采集完成,共 5487 条数据
[2026-02-18 23:15:32] [INFO] [tushare-collect] upsert 受影响 5487 行
[2026-02-18 23:15:32] [INFO] [tushare-collect] 保存 5487 条数据到aistockzml_tushare_bak_daily，模式: incremental
[2026-02-18 23:15:32] [INFO] [tushare-collect] [bak_daily] 数据保存成功(incremental),共 5487 条
[2026-02-18 23:16:56] [INFO] [tushare-collect] [quotes] ==================================================
[2026-02-18 23:16:56] [INFO] [tushare-collect] [quotes] 执行时间: 2026-02-18 23:16:56.021504
[2026-02-18 23:16:56] [INFO] [tushare-collect] 开始采集Tushare数据: trade_cal
[2026-02-18 23:16:56] [INFO] [tushare-collect] 成功采集5条trade_cal数据
[2026-02-18 23:16:56] [INFO] [tushare-collect] 开始采集Tushare数据: trade_cal
[2026-02-18 23:16:56] [INFO] [tushare-collect] 成功采集14条trade_cal数据
[2026-02-18 23:16:56] [INFO] [tushare-collect] [quotes] 本周最后交易日: 20260213
[2026-02-18 23:16:56] [INFO] [tushare-collect] [quotes] 本月最后交易日: 20260227
[2026-02-18 23:16:56] [INFO] [tushare-collect] [quotes] 本周周五: 20260213
[2026-02-18 23:16:56] [INFO] [tushare-collect] [quotes] 本月最后自然日: 20260228
[2026-02-18 23:16:56] [INFO] [tushare-collect] [bak_daily] 采集参数: {'method': 'bak_daily', 'trade_date': '20260212', 'fields': '*'}
[2026-02-18 23:16:56] [INFO] [tushare-collect] 开始采集Tushare数据: bak_daily
[2026-02-18 23:16:58] [INFO] [tushare-collect] 成功采集2000条bak_daily数据
[2026-02-18 23:16:58] [INFO] [tushare-collect] [bak_daily] 第1页,获取 2000 条数据
[2026-02-18 23:16:58] [INFO] [tushare-collect] 开始采集Tushare数据: bak_daily
[2026-02-18 23:17:26] [INFO] [tushare-collect] 成功采集2000条bak_daily数据
[2026-02-18 23:17:26] [INFO] [tushare-collect] [bak_daily] 第2页,获取 2000 条数据
[2026-02-18 23:17:26] [INFO] [tushare-collect] 开始采集Tushare数据: bak_daily
[2026-02-18 23:17:47] [INFO] [tushare-collect] 成功采集1487条bak_daily数据
[2026-02-18 23:17:47] [INFO] [tushare-collect] [bak_daily] 第3页,获取 1487 条数据
[2026-02-18 23:17:47] [INFO] [tushare-collect] 开始采集Tushare数据: bak_daily
[2026-02-18 23:17:47] [INFO] [tushare-collect] 成功采集bak_daily数据，数据为空
[2026-02-18 23:17:47] [INFO] [tushare-collect] [bak_daily] 采集完成,共 5487 条数据
[2026-02-18 23:17:49] [INFO] [tushare-collect] upsert 受影响 5487 行
[2026-02-18 23:17:49] [INFO] [tushare-collect] 保存 5487 条数据到aistockzml_tushare_bak_daily，模式: incremental
[2026-02-18 23:17:49] [INFO] [tushare-collect] [bak_daily] 数据保存成功(incremental),共 5487 条
[2026-02-18 23:18:03] [INFO] [tushare-collect] [quotes] ==================================================
[2026-02-18 23:18:03] [INFO] [tushare-collect] [quotes] 执行时间: 2026-02-18 23:18:03.741084
[2026-02-18 23:18:03] [INFO] [tushare-collect] 开始采集Tushare数据: trade_cal
[2026-02-18 23:18:04] [INFO] [tushare-collect] 成功采集5条trade_cal数据
[2026-02-18 23:18:04] [INFO] [tushare-collect] 开始采集Tushare数据: trade_cal
[2026-02-18 23:18:04] [INFO] [tushare-collect] 成功采集20条trade_cal数据
[2026-02-18 23:18:04] [INFO] [tushare-collect] [quotes] 本周最后交易日: 20260116
[2026-02-18 23:18:04] [INFO] [tushare-collect] [quotes] 本月最后交易日: 20260130
[2026-02-18 23:18:04] [INFO] [tushare-collect] [quotes] 本周周五: 20260116
[2026-02-18 23:18:04] [INFO] [tushare-collect] [quotes] 本月最后自然日: 20260131
[2026-02-18 23:18:04] [INFO] [tushare-collect] [bak_daily] 采集参数: {'method': 'bak_daily', 'trade_date': '20260112', 'fields': '*'}
[2026-02-18 23:18:04] [INFO] [tushare-collect] 开始采集Tushare数据: bak_daily
[2026-02-18 23:18:07] [INFO] [tushare-collect] 成功采集2000条bak_daily数据
[2026-02-18 23:18:07] [INFO] [tushare-collect] [bak_daily] 第1页,获取 2000 条数据
[2026-02-18 23:18:07] [INFO] [tushare-collect] 开始采集Tushare数据: bak_daily
[2026-02-18 23:18:09] [INFO] [tushare-collect] 成功采集2000条bak_daily数据
[2026-02-18 23:18:09] [INFO] [tushare-collect] [bak_daily] 第2页,获取 2000 条数据
[2026-02-18 23:18:09] [INFO] [tushare-collect] 开始采集Tushare数据: bak_daily
[2026-02-18 23:18:11] [INFO] [tushare-collect] 成功采集1474条bak_daily数据
[2026-02-18 23:18:11] [INFO] [tushare-collect] [bak_daily] 第3页,获取 1474 条数据
[2026-02-18 23:18:11] [INFO] [tushare-collect] 开始采集Tushare数据: bak_daily
[2026-02-18 23:18:11] [INFO] [tushare-collect] 成功采集bak_daily数据，数据为空
[2026-02-18 23:18:11] [INFO] [tushare-collect] [bak_daily] 采集完成,共 5474 条数据
[2026-02-18 23:18:13] [INFO] [tushare-collect] upsert 受影响 5474 行
[2026-02-18 23:18:13] [INFO] [tushare-collect] 保存 5474 条数据到aistockzml_tushare_bak_daily，模式: incremental
[2026-02-18 23:18:13] [INFO] [tushare-collect] [bak_daily] 数据保存成功(incremental),共 5474 条
[2026-02-18 23:18:48] [INFO] [tushare-collect] [quotes] ==================================================
[2026-02-18 23:18:48] [INFO] [tushare-collect] [quotes] 执行时间: 2026-02-18 23:18:48.896086
[2026-02-18 23:18:48] [INFO] [tushare-collect] 开始采集Tushare数据: trade_cal
[2026-02-18 23:18:49] [INFO] [tushare-collect] 成功采集5条trade_cal数据
[2026-02-18 23:18:49] [INFO] [tushare-collect] 开始采集Tushare数据: trade_cal
[2026-02-18 23:18:49] [INFO] [tushare-collect] 成功采集23条trade_cal数据
[2026-02-18 23:18:49] [INFO] [tushare-collect] [quotes] 本周最后交易日: 20251212
[2026-02-18 23:18:49] [INFO] [tushare-collect] [quotes] 本月最后交易日: 20251231
[2026-02-18 23:18:49] [INFO] [tushare-collect] [quotes] 本周周五: 20251212
[2026-02-18 23:18:49] [INFO] [tushare-collect] [quotes] 本月最后自然日: 20251231
[2026-02-18 23:18:49] [INFO] [tushare-collect] [bak_daily] 采集参数: {'method': 'bak_daily', 'trade_date': '20251212', 'fields': '*'}
[2026-02-18 23:18:49] [INFO] [tushare-collect] 开始采集Tushare数据: bak_daily
[2026-02-18 23:18:50] [INFO] [tushare-collect] 成功采集2000条bak_daily数据
[2026-02-18 23:18:50] [INFO] [tushare-collect] [bak_daily] 第1页,获取 2000 条数据
[2026-02-18 23:18:50] [INFO] [tushare-collect] 开始采集Tushare数据: bak_daily
[2026-02-18 23:18:55] [INFO] [tushare-collect] 成功采集2000条bak_daily数据
[2026-02-18 23:18:55] [INFO] [tushare-collect] [bak_daily] 第2页,获取 2000 条数据
[2026-02-18 23:18:55] [INFO] [tushare-collect] 开始采集Tushare数据: bak_daily
[2026-02-18 23:18:56] [INFO] [tushare-collect] 成功采集1466条bak_daily数据
[2026-02-18 23:18:56] [INFO] [tushare-collect] [bak_daily] 第3页,获取 1466 条数据
[2026-02-18 23:18:56] [INFO] [tushare-collect] 开始采集Tushare数据: bak_daily
[2026-02-18 23:18:57] [INFO] [tushare-collect] 成功采集bak_daily数据，数据为空
[2026-02-18 23:18:57] [INFO] [tushare-collect] [bak_daily] 采集完成,共 5466 条数据
[2026-02-18 23:18:58] [INFO] [tushare-collect] upsert 受影响 5466 行
[2026-02-18 23:18:58] [INFO] [tushare-collect] 保存 5466 条数据到aistockzml_tushare_bak_daily，模式: incremental
[2026-02-18 23:18:58] [INFO] [tushare-collect] [bak_daily] 数据保存成功(incremental),共 5466 条
[2026-02-18 23:22:52] [INFO] [tushare-collect] [quotes] ==================================================
[2026-02-18 23:22:52] [INFO] [tushare-collect] [quotes] 执行时间: 2026-02-18 23:22:52.932848
[2026-02-18 23:22:52] [INFO] [tushare-collect] 开始采集Tushare数据: trade_cal
[2026-02-18 23:22:53] [INFO] [tushare-collect] 成功采集5条trade_cal数据
[2026-02-18 23:22:53] [INFO] [tushare-collect] 开始采集Tushare数据: trade_cal
[2026-02-18 23:22:53] [INFO] [tushare-collect] 成功采集14条trade_cal数据
[2026-02-18 23:22:53] [INFO] [tushare-collect] [quotes] 本周最后交易日: 20260213
[2026-02-18 23:22:53] [INFO] [tushare-collect] [quotes] 本月最后交易日: 20260227
[2026-02-18 23:22:53] [INFO] [tushare-collect] [quotes] 本周周五: 20260213
[2026-02-18 23:22:53] [INFO] [tushare-collect] [quotes] 本月最后自然日: 20260228
[2026-02-18 23:22:53] [INFO] [tushare-collect] [ggt_daily] 采集参数: {'method': 'ggt_daily', 'trade_date': '20260213', 'fields': '*'}
[2026-02-18 23:22:53] [INFO] [tushare-collect] 开始采集Tushare数据: ggt_daily
[2026-02-18 23:22:53] [INFO] [tushare-collect] 成功采集1条ggt_daily数据
[2026-02-18 23:22:53] [INFO] [tushare-collect] [ggt_daily] 第1页,获取 1 条数据
[2026-02-18 23:22:53] [INFO] [tushare-collect] 开始采集Tushare数据: ggt_daily
[2026-02-18 23:22:54] [INFO] [tushare-collect] 成功采集ggt_daily数据，数据为空
[2026-02-18 23:22:54] [INFO] [tushare-collect] [ggt_daily] 采集完成,共 1 条数据
[2026-02-18 23:22:54] [INFO] [tushare-collect] upsert 受影响 1 行
[2026-02-18 23:22:54] [INFO] [tushare-collect] 保存 1 条数据到aistockzml_tushare_ggt_daily，模式: incremental
[2026-02-18 23:22:54] [INFO] [tushare-collect] [ggt_daily] 数据保存成功(incremental),共 1 条
[2026-02-18 23:23:21] [INFO] [tushare-collect] [quotes] ==================================================
[2026-02-18 23:23:21] [INFO] [tushare-collect] [quotes] 执行时间: 2026-02-18 23:23:21.224459
[2026-02-18 23:23:21] [INFO] [tushare-collect] 开始采集Tushare数据: trade_cal
[2026-02-18 23:23:21] [INFO] [tushare-collect] 成功采集5条trade_cal数据
[2026-02-18 23:23:21] [INFO] [tushare-collect] 开始采集Tushare数据: trade_cal
[2026-02-18 23:23:22] [INFO] [tushare-collect] 成功采集14条trade_cal数据
[2026-02-18 23:23:22] [INFO] [tushare-collect] [quotes] 本周最后交易日: 20260213
[2026-02-18 23:23:22] [INFO] [tushare-collect] [quotes] 本月最后交易日: 20260227
[2026-02-18 23:23:22] [INFO] [tushare-collect] [quotes] 本周周五: 20260213
[2026-02-18 23:23:22] [INFO] [tushare-collect] [quotes] 本月最后自然日: 20260228
[2026-02-18 23:23:22] [INFO] [tushare-collect] [ggt_daily] 采集参数: {'method': 'ggt_daily', 'trade_date': '20260212', 'fields': '*'}
[2026-02-18 23:23:22] [INFO] [tushare-collect] 开始采集Tushare数据: ggt_daily
[2026-02-18 23:23:22] [INFO] [tushare-collect] 成功采集1条ggt_daily数据
[2026-02-18 23:23:22] [INFO] [tushare-collect] [ggt_daily] 第1页,获取 1 条数据
[2026-02-18 23:23:22] [INFO] [tushare-collect] 开始采集Tushare数据: ggt_daily
[2026-02-18 23:23:22] [INFO] [tushare-collect] 成功采集ggt_daily数据，数据为空
[2026-02-18 23:23:22] [INFO] [tushare-collect] [ggt_daily] 采集完成,共 1 条数据
[2026-02-18 23:23:22] [INFO] [tushare-collect] upsert 受影响 1 行
[2026-02-18 23:23:22] [INFO] [tushare-collect] 保存 1 条数据到aistockzml_tushare_ggt_daily，模式: incremental
[2026-02-18 23:23:22] [INFO] [tushare-collect] [ggt_daily] 数据保存成功(incremental),共 1 条
[2026-02-18 23:23:30] [INFO] [tushare-collect] [quotes] ==================================================
[2026-02-18 23:23:30] [INFO] [tushare-collect] [quotes] 执行时间: 2026-02-18 23:23:30.390010
[2026-02-18 23:23:30] [INFO] [tushare-collect] 开始采集Tushare数据: trade_cal
[2026-02-18 23:23:31] [INFO] [tushare-collect] 成功采集5条trade_cal数据
[2026-02-18 23:23:31] [INFO] [tushare-collect] 开始采集Tushare数据: trade_cal
[2026-02-18 23:23:31] [INFO] [tushare-collect] 成功采集14条trade_cal数据
[2026-02-18 23:23:31] [INFO] [tushare-collect] [quotes] 本周最后交易日: 20260213
[2026-02-18 23:23:31] [INFO] [tushare-collect] [quotes] 本月最后交易日: 20260227
[2026-02-18 23:23:31] [INFO] [tushare-collect] [quotes] 本周周五: 20260213
[2026-02-18 23:23:31] [INFO] [tushare-collect] [quotes] 本月最后自然日: 20260228
[2026-02-18 23:23:31] [INFO] [tushare-collect] [ggt_daily] 采集参数: {'method': 'ggt_daily', 'trade_date': '20260211', 'fields': '*'}
[2026-02-18 23:23:31] [INFO] [tushare-collect] 开始采集Tushare数据: ggt_daily
[2026-02-18 23:23:32] [INFO] [tushare-collect] 成功采集1条ggt_daily数据
[2026-02-18 23:23:32] [INFO] [tushare-collect] [ggt_daily] 第1页,获取 1 条数据
[2026-02-18 23:23:32] [INFO] [tushare-collect] 开始采集Tushare数据: ggt_daily
[2026-02-18 23:23:32] [INFO] [tushare-collect] 成功采集ggt_daily数据，数据为空
[2026-02-18 23:23:32] [INFO] [tushare-collect] [ggt_daily] 采集完成,共 1 条数据
[2026-02-18 23:23:32] [INFO] [tushare-collect] upsert 受影响 1 行
[2026-02-18 23:23:32] [INFO] [tushare-collect] 保存 1 条数据到aistockzml_tushare_ggt_daily，模式: incremental
[2026-02-18 23:23:32] [INFO] [tushare-collect] [ggt_daily] 数据保存成功(incremental),共 1 条
[2026-02-18 23:33:37] [INFO] [tushare-collect] [quotes] ==================================================
[2026-02-18 23:33:37] [INFO] [tushare-collect] [quotes] 执行时间: 2026-02-18 23:33:37.641857
[2026-02-18 23:33:37] [INFO] [tushare-collect] 开始采集Tushare数据: trade_cal
[2026-02-18 23:33:38] [INFO] [tushare-collect] 成功采集5条trade_cal数据
[2026-02-18 23:33:38] [INFO] [tushare-collect] 开始采集Tushare数据: trade_cal
[2026-02-18 23:33:38] [INFO] [tushare-collect] 成功采集14条trade_cal数据
[2026-02-18 23:33:38] [INFO] [tushare-collect] [quotes] 本周最后交易日: 20260213
[2026-02-18 23:33:38] [INFO] [tushare-collect] [quotes] 本月最后交易日: 20260227
[2026-02-18 23:33:38] [INFO] [tushare-collect] [quotes] 本周周五: 20260213
[2026-02-18 23:33:38] [INFO] [tushare-collect] [quotes] 本月最后自然日: 20260228
[2026-02-18 23:33:38] [INFO] [tushare-collect] [cyq_perf] 采集参数: {'method': 'cyq_perf', 'trade_date': '20260211', 'fields': '*'}
[2026-02-18 23:33:38] [INFO] [tushare-collect] 开始采集Tushare数据: cyq_perf
[2026-02-18 23:33:39] [INFO] [tushare-collect] 成功采集2000条cyq_perf数据
[2026-02-18 23:33:39] [INFO] [tushare-collect] [cyq_perf] 第1页,获取 2000 条数据
[2026-02-18 23:33:39] [INFO] [tushare-collect] 开始采集Tushare数据: cyq_perf
[2026-02-18 23:33:39] [INFO] [tushare-collect] 成功采集2000条cyq_perf数据
[2026-02-18 23:33:39] [INFO] [tushare-collect] [cyq_perf] 第2页,获取 2000 条数据
[2026-02-18 23:33:39] [INFO] [tushare-collect] 开始采集Tushare数据: cyq_perf
[2026-02-18 23:33:40] [INFO] [tushare-collect] 成功采集1470条cyq_perf数据
[2026-02-18 23:33:40] [INFO] [tushare-collect] [cyq_perf] 第3页,获取 1470 条数据
[2026-02-18 23:33:40] [INFO] [tushare-collect] 开始采集Tushare数据: cyq_perf
[2026-02-18 23:33:40] [INFO] [tushare-collect] 成功采集cyq_perf数据，数据为空
[2026-02-18 23:33:40] [INFO] [tushare-collect] [cyq_perf] 采集完成,共 5470 条数据
[2026-02-18 23:33:41] [INFO] [tushare-collect] upsert 受影响 5470 行
[2026-02-18 23:33:41] [INFO] [tushare-collect] 保存 5470 条数据到aistockzml_tushare_cyq_perf，模式: incremental
[2026-02-18 23:33:41] [INFO] [tushare-collect] [cyq_perf] 数据保存成功(incremental),共 5470 条
[2026-02-18 23:35:16] [INFO] [tushare-collect] [quotes] ==================================================
[2026-02-18 23:35:16] [INFO] [tushare-collect] [quotes] 执行时间: 2026-02-18 23:35:16.226351
[2026-02-18 23:35:16] [INFO] [tushare-collect] 开始采集Tushare数据: trade_cal
[2026-02-18 23:35:16] [INFO] [tushare-collect] 成功采集5条trade_cal数据
[2026-02-18 23:35:16] [INFO] [tushare-collect] 开始采集Tushare数据: trade_cal
[2026-02-18 23:35:17] [INFO] [tushare-collect] 成功采集14条trade_cal数据
[2026-02-18 23:35:17] [INFO] [tushare-collect] [quotes] 本周最后交易日: 20260213
[2026-02-18 23:35:17] [INFO] [tushare-collect] [quotes] 本月最后交易日: 20260227
[2026-02-18 23:35:17] [INFO] [tushare-collect] [quotes] 本周周五: 20260213
[2026-02-18 23:35:17] [INFO] [tushare-collect] [quotes] 本月最后自然日: 20260228
[2026-02-18 23:35:17] [INFO] [tushare-collect] [cyq_perf] 采集参数: {'method': 'cyq_perf', 'trade_date': '20260213', 'fields': '*'}
[2026-02-18 23:35:17] [INFO] [tushare-collect] 开始采集Tushare数据: cyq_perf
[2026-02-18 23:35:18] [INFO] [tushare-collect] 成功采集2000条cyq_perf数据
[2026-02-18 23:35:18] [INFO] [tushare-collect] [cyq_perf] 第1页,获取 2000 条数据
[2026-02-18 23:35:18] [INFO] [tushare-collect] 开始采集Tushare数据: cyq_perf
[2026-02-18 23:35:33] [INFO] [tushare-collect] 成功采集2000条cyq_perf数据
[2026-02-18 23:35:33] [INFO] [tushare-collect] [cyq_perf] 第2页,获取 2000 条数据
[2026-02-18 23:35:33] [INFO] [tushare-collect] 开始采集Tushare数据: cyq_perf
[2026-02-18 23:35:33] [INFO] [tushare-collect] 成功采集1474条cyq_perf数据
[2026-02-18 23:35:33] [INFO] [tushare-collect] [cyq_perf] 第3页,获取 1474 条数据
[2026-02-18 23:35:33] [INFO] [tushare-collect] 开始采集Tushare数据: cyq_perf
[2026-02-18 23:35:35] [INFO] [tushare-collect] 成功采集cyq_perf数据，数据为空
[2026-02-18 23:35:35] [INFO] [tushare-collect] [cyq_perf] 采集完成,共 5474 条数据
[2026-02-18 23:35:36] [INFO] [tushare-collect] upsert 受影响 5474 行
[2026-02-18 23:35:36] [INFO] [tushare-collect] 保存 5474 条数据到aistockzml_tushare_cyq_perf，模式: incremental
[2026-02-18 23:35:36] [INFO] [tushare-collect] [cyq_perf] 数据保存成功(incremental),共 5474 条
[2026-02-18 23:36:32] [INFO] [tushare-collect] [quotes] ==================================================
[2026-02-18 23:36:32] [INFO] [tushare-collect] [quotes] 执行时间: 2026-02-18 23:36:32.685535
[2026-02-18 23:36:32] [INFO] [tushare-collect] 开始采集Tushare数据: trade_cal
[2026-02-18 23:36:33] [INFO] [tushare-collect] 成功采集5条trade_cal数据
[2026-02-18 23:36:33] [INFO] [tushare-collect] 开始采集Tushare数据: trade_cal
[2026-02-18 23:36:33] [INFO] [tushare-collect] 成功采集14条trade_cal数据
[2026-02-18 23:36:33] [INFO] [tushare-collect] [quotes] 本周最后交易日: 20260213
[2026-02-18 23:36:33] [INFO] [tushare-collect] [quotes] 本月最后交易日: 20260227
[2026-02-18 23:36:33] [INFO] [tushare-collect] [quotes] 本周周五: 20260213
[2026-02-18 23:36:33] [INFO] [tushare-collect] [quotes] 本月最后自然日: 20260228
[2026-02-18 23:36:33] [INFO] [tushare-collect] [cyq_perf] 采集参数: {'method': 'cyq_perf', 'trade_date': '20260212', 'fields': '*'}
[2026-02-18 23:36:33] [INFO] [tushare-collect] 开始采集Tushare数据: cyq_perf
[2026-02-18 23:36:34] [INFO] [tushare-collect] 成功采集2000条cyq_perf数据
[2026-02-18 23:36:34] [INFO] [tushare-collect] [cyq_perf] 第1页,获取 2000 条数据
[2026-02-18 23:36:34] [INFO] [tushare-collect] 开始采集Tushare数据: cyq_perf
[2026-02-18 23:36:34] [INFO] [tushare-collect] 成功采集2000条cyq_perf数据
[2026-02-18 23:36:34] [INFO] [tushare-collect] [cyq_perf] 第2页,获取 2000 条数据
[2026-02-18 23:36:34] [INFO] [tushare-collect] 开始采集Tushare数据: cyq_perf
[2026-02-18 23:36:35] [INFO] [tushare-collect] 成功采集1476条cyq_perf数据
[2026-02-18 23:36:35] [INFO] [tushare-collect] [cyq_perf] 第3页,获取 1476 条数据
[2026-02-18 23:36:35] [INFO] [tushare-collect] 开始采集Tushare数据: cyq_perf
[2026-02-18 23:36:35] [INFO] [tushare-collect] 成功采集cyq_perf数据，数据为空
[2026-02-18 23:36:35] [INFO] [tushare-collect] [cyq_perf] 采集完成,共 5476 条数据
[2026-02-18 23:36:36] [INFO] [tushare-collect] upsert 受影响 5476 行
[2026-02-18 23:36:36] [INFO] [tushare-collect] 保存 5476 条数据到aistockzml_tushare_cyq_perf，模式: incremental
[2026-02-18 23:36:36] [INFO] [tushare-collect] [cyq_perf] 数据保存成功(incremental),共 5476 条
[2026-02-18 23:44:20] [INFO] [tushare-collect] [quotes] ==================================================
[2026-02-18 23:44:20] [INFO] [tushare-collect] [quotes] 执行时间: 2026-02-18 23:44:20.722375
[2026-02-18 23:44:20] [INFO] [tushare-collect] 开始采集Tushare数据: trade_cal
[2026-02-18 23:44:21] [INFO] [tushare-collect] 成功采集5条trade_cal数据
[2026-02-18 23:44:21] [INFO] [tushare-collect] 开始采集Tushare数据: trade_cal
[2026-02-18 23:44:21] [INFO] [tushare-collect] 成功采集14条trade_cal数据
[2026-02-18 23:44:21] [INFO] [tushare-collect] [quotes] 本周最后交易日: 20260213
[2026-02-18 23:44:21] [INFO] [tushare-collect] [quotes] 本月最后交易日: 20260227
[2026-02-18 23:44:21] [INFO] [tushare-collect] [quotes] 本周周五: 20260213
[2026-02-18 23:44:21] [INFO] [tushare-collect] [quotes] 本月最后自然日: 20260228
[2026-02-18 23:44:21] [INFO] [tushare-collect] [stk_factor_pro] 采集参数: {'method': 'stk_factor_pro', 'trade_date': '20260212', 'fields': '*'}
[2026-02-18 23:44:21] [INFO] [tushare-collect] 开始采集Tushare数据: stk_factor_pro
[2026-02-18 23:44:28] [INFO] [tushare-collect] 成功采集2000条stk_factor_pro数据
[2026-02-18 23:44:28] [INFO] [tushare-collect] [stk_factor_pro] 第1页,获取 2000 条数据
[2026-02-18 23:44:28] [INFO] [tushare-collect] 开始采集Tushare数据: stk_factor_pro
[2026-02-18 23:44:35] [INFO] [tushare-collect] 成功采集2000条stk_factor_pro数据
[2026-02-18 23:44:35] [INFO] [tushare-collect] [stk_factor_pro] 第2页,获取 2000 条数据
[2026-02-18 23:44:35] [INFO] [tushare-collect] 开始采集Tushare数据: stk_factor_pro
[2026-02-18 23:44:40] [INFO] [tushare-collect] 成功采集1476条stk_factor_pro数据
[2026-02-18 23:44:40] [INFO] [tushare-collect] [stk_factor_pro] 第3页,获取 1476 条数据
[2026-02-18 23:44:40] [INFO] [tushare-collect] 开始采集Tushare数据: stk_factor_pro
[2026-02-18 23:44:40] [INFO] [tushare-collect] 成功采集stk_factor_pro数据，数据为空
[2026-02-18 23:44:40] [INFO] [tushare-collect] [stk_factor_pro] 采集完成,共 5476 条数据
[2026-02-18 23:44:49] [INFO] [tushare-collect] upsert 受影响 5476 行
[2026-02-18 23:44:49] [INFO] [tushare-collect] 保存 5476 条数据到aistockzml_tushare_stk_factor_pro，模式: incremental
[2026-02-18 23:44:49] [INFO] [tushare-collect] [stk_factor_pro] 数据保存成功(incremental),共 5476 条
[2026-02-18 23:45:21] [INFO] [tushare-collect] [quotes] ==================================================
[2026-02-18 23:45:21] [INFO] [tushare-collect] [quotes] 执行时间: 2026-02-18 23:45:21.675773
[2026-02-18 23:45:21] [INFO] [tushare-collect] 开始采集Tushare数据: trade_cal
[2026-02-18 23:45:22] [INFO] [tushare-collect] 成功采集5条trade_cal数据
[2026-02-18 23:45:22] [INFO] [tushare-collect] 开始采集Tushare数据: trade_cal
[2026-02-18 23:45:23] [INFO] [tushare-collect] 成功采集14条trade_cal数据
[2026-02-18 23:45:23] [INFO] [tushare-collect] [quotes] 本周最后交易日: 20260213
[2026-02-18 23:45:23] [INFO] [tushare-collect] [quotes] 本月最后交易日: 20260227
[2026-02-18 23:45:23] [INFO] [tushare-collect] [quotes] 本周周五: 20260213
[2026-02-18 23:45:23] [INFO] [tushare-collect] [quotes] 本月最后自然日: 20260228
[2026-02-18 23:45:23] [INFO] [tushare-collect] [stk_factor_pro] 采集参数: {'method': 'stk_factor_pro', 'trade_date': '20260211', 'fields': '*'}
[2026-02-18 23:45:23] [INFO] [tushare-collect] 开始采集Tushare数据: stk_factor_pro
[2026-02-18 23:45:32] [INFO] [tushare-collect] 成功采集2000条stk_factor_pro数据
[2026-02-18 23:45:32] [INFO] [tushare-collect] [stk_factor_pro] 第1页,获取 2000 条数据
[2026-02-18 23:45:32] [INFO] [tushare-collect] 开始采集Tushare数据: stk_factor_pro
[2026-02-18 23:45:39] [INFO] [tushare-collect] 成功采集2000条stk_factor_pro数据
[2026-02-18 23:45:39] [INFO] [tushare-collect] [stk_factor_pro] 第2页,获取 2000 条数据
[2026-02-18 23:45:39] [INFO] [tushare-collect] 开始采集Tushare数据: stk_factor_pro
[2026-02-18 23:45:43] [INFO] [tushare-collect] 成功采集1470条stk_factor_pro数据
[2026-02-18 23:45:43] [INFO] [tushare-collect] [stk_factor_pro] 第3页,获取 1470 条数据
[2026-02-18 23:45:43] [INFO] [tushare-collect] 开始采集Tushare数据: stk_factor_pro
[2026-02-18 23:45:44] [INFO] [tushare-collect] 成功采集stk_factor_pro数据，数据为空
[2026-02-18 23:45:44] [INFO] [tushare-collect] [stk_factor_pro] 采集完成,共 5470 条数据
[2026-02-18 23:45:52] [INFO] [tushare-collect] upsert 受影响 5470 行
[2026-02-18 23:45:52] [INFO] [tushare-collect] 保存 5470 条数据到aistockzml_tushare_stk_factor_pro，模式: incremental
[2026-02-18 23:45:52] [INFO] [tushare-collect] [stk_factor_pro] 数据保存成功(incremental),共 5470 条
[2026-02-18 23:46:57] [INFO] [tushare-collect] [quotes] ==================================================
[2026-02-18 23:46:57] [INFO] [tushare-collect] [quotes] 执行时间: 2026-02-18 23:46:57.459784
[2026-02-18 23:46:57] [INFO] [tushare-collect] 开始采集Tushare数据: trade_cal
[2026-02-18 23:46:57] [INFO] [tushare-collect] 成功采集5条trade_cal数据
[2026-02-18 23:46:57] [INFO] [tushare-collect] 开始采集Tushare数据: trade_cal
[2026-02-18 23:46:58] [INFO] [tushare-collect] 成功采集14条trade_cal数据
[2026-02-18 23:46:58] [INFO] [tushare-collect] [quotes] 本周最后交易日: 20260213
[2026-02-18 23:46:58] [INFO] [tushare-collect] [quotes] 本月最后交易日: 20260227
[2026-02-18 23:46:58] [INFO] [tushare-collect] [quotes] 本周周五: 20260213
[2026-02-18 23:46:58] [INFO] [tushare-collect] [quotes] 本月最后自然日: 20260228
[2026-02-18 23:46:58] [INFO] [tushare-collect] [stk_factor_pro] 采集参数: {'method': 'stk_factor_pro', 'trade_date': '20260211', 'fields': '*'}
[2026-02-18 23:46:58] [INFO] [tushare-collect] 开始采集Tushare数据: stk_factor_pro
[2026-02-18 23:47:04] [INFO] [tushare-collect] 成功采集2000条stk_factor_pro数据
[2026-02-18 23:47:04] [INFO] [tushare-collect] [stk_factor_pro] 第1页,获取 2000 条数据
[2026-02-18 23:47:04] [INFO] [tushare-collect] 开始采集Tushare数据: stk_factor_pro
[2026-02-18 23:47:11] [INFO] [tushare-collect] 成功采集2000条stk_factor_pro数据
[2026-02-18 23:47:11] [INFO] [tushare-collect] [stk_factor_pro] 第2页,获取 2000 条数据
[2026-02-18 23:47:11] [INFO] [tushare-collect] 开始采集Tushare数据: stk_factor_pro
[2026-02-18 23:47:41] [INFO] [tushare-collect] 成功采集1470条stk_factor_pro数据
[2026-02-18 23:47:41] [INFO] [tushare-collect] [stk_factor_pro] 第3页,获取 1470 条数据
[2026-02-18 23:47:41] [INFO] [tushare-collect] 开始采集Tushare数据: stk_factor_pro
[2026-02-18 23:47:41] [INFO] [tushare-collect] 成功采集stk_factor_pro数据，数据为空
[2026-02-18 23:47:41] [INFO] [tushare-collect] [stk_factor_pro] 采集完成,共 5470 条数据
[2026-02-18 23:47:50] [INFO] [tushare-collect] upsert 受影响 5470 行
[2026-02-18 23:47:50] [INFO] [tushare-collect] 保存 5470 条数据到aistockzml_tushare_stk_factor_pro，模式: incremental
[2026-02-18 23:47:50] [INFO] [tushare-collect] [stk_factor_pro] 数据保存成功(incremental),共 5470 条
[2026-02-18 23:49:14] [INFO] [tushare-collect] [quotes] ==================================================
[2026-02-18 23:49:14] [INFO] [tushare-collect] [quotes] 执行时间: 2026-02-18 23:49:14.949036
[2026-02-18 23:49:14] [INFO] [tushare-collect] 开始采集Tushare数据: trade_cal
[2026-02-18 23:49:15] [INFO] [tushare-collect] 成功采集5条trade_cal数据
[2026-02-18 23:49:15] [INFO] [tushare-collect] 开始采集Tushare数据: trade_cal
[2026-02-18 23:49:16] [INFO] [tushare-collect] 成功采集14条trade_cal数据
[2026-02-18 23:49:16] [INFO] [tushare-collect] [quotes] 本周最后交易日: 20260213
[2026-02-18 23:49:16] [INFO] [tushare-collect] [quotes] 本月最后交易日: 20260227
[2026-02-18 23:49:16] [INFO] [tushare-collect] [quotes] 本周周五: 20260213
[2026-02-18 23:49:16] [INFO] [tushare-collect] [quotes] 本月最后自然日: 20260228
[2026-02-18 23:49:16] [INFO] [tushare-collect] [stk_factor_pro] 采集参数: {'method': 'stk_factor_pro', 'trade_date': '20260211', 'fields': '*'}
[2026-02-18 23:49:16] [INFO] [tushare-collect] 开始采集Tushare数据: stk_factor_pro
[2026-02-18 23:49:23] [INFO] [tushare-collect] 成功采集2000条stk_factor_pro数据
[2026-02-18 23:49:23] [INFO] [tushare-collect] [stk_factor_pro] 第1页,获取 2000 条数据
[2026-02-18 23:49:23] [INFO] [tushare-collect] 开始采集Tushare数据: stk_factor_pro
[2026-02-18 23:49:31] [INFO] [tushare-collect] 成功采集2000条stk_factor_pro数据
[2026-02-18 23:49:31] [INFO] [tushare-collect] [stk_factor_pro] 第2页,获取 2000 条数据
[2026-02-18 23:49:31] [INFO] [tushare-collect] 开始采集Tushare数据: stk_factor_pro
[2026-02-18 23:49:35] [INFO] [tushare-collect] 成功采集1470条stk_factor_pro数据
[2026-02-18 23:49:35] [INFO] [tushare-collect] [stk_factor_pro] 第3页,获取 1470 条数据
[2026-02-18 23:49:35] [INFO] [tushare-collect] 开始采集Tushare数据: stk_factor_pro
[2026-02-18 23:49:36] [INFO] [tushare-collect] 成功采集stk_factor_pro数据，数据为空
[2026-02-18 23:49:36] [INFO] [tushare-collect] [stk_factor_pro] 采集完成,共 5470 条数据
[2026-02-18 23:49:45] [INFO] [tushare-collect] upsert 受影响 5470 行
[2026-02-18 23:49:45] [INFO] [tushare-collect] 保存 5470 条数据到aistockzml_tushare_stk_factor_pro，模式: incremental
[2026-02-18 23:49:45] [INFO] [tushare-collect] [stk_factor_pro] 数据保存成功(incremental),共 5470 条
[2026-02-18 23:53:43] [INFO] [tushare-collect] [quotes] ==================================================
[2026-02-18 23:53:43] [INFO] [tushare-collect] [quotes] 执行时间: 2026-02-18 23:53:43.079038
[2026-02-18 23:53:43] [INFO] [tushare-collect] 开始采集Tushare数据: trade_cal
[2026-02-18 23:53:43] [INFO] [tushare-collect] 成功采集5条trade_cal数据
[2026-02-18 23:53:43] [INFO] [tushare-collect] 开始采集Tushare数据: trade_cal
[2026-02-18 23:53:43] [INFO] [tushare-collect] 成功采集14条trade_cal数据
[2026-02-18 23:53:43] [INFO] [tushare-collect] [quotes] 本周最后交易日: 20260213
[2026-02-18 23:53:43] [INFO] [tushare-collect] [quotes] 本月最后交易日: 20260227
[2026-02-18 23:53:43] [INFO] [tushare-collect] [quotes] 本周周五: 20260213
[2026-02-18 23:53:43] [INFO] [tushare-collect] [quotes] 本月最后自然日: 20260228
[2026-02-18 23:53:43] [INFO] [tushare-collect] [stk_factor_pro] 采集参数: {'method': 'stk_factor_pro', 'trade_date': '20260210', 'fields': '*'}
[2026-02-18 23:53:43] [INFO] [tushare-collect] 开始采集Tushare数据: stk_factor_pro
[2026-02-18 23:53:50] [INFO] [tushare-collect] 成功采集2000条stk_factor_pro数据
[2026-02-18 23:53:50] [INFO] [tushare-collect] [stk_factor_pro] 第1页,获取 2000 条数据
[2026-02-18 23:53:50] [INFO] [tushare-collect] 开始采集Tushare数据: stk_factor_pro
[2026-02-18 23:53:58] [INFO] [tushare-collect] 成功采集2000条stk_factor_pro数据
[2026-02-18 23:53:58] [INFO] [tushare-collect] [stk_factor_pro] 第2页,获取 2000 条数据
[2026-02-18 23:53:58] [INFO] [tushare-collect] 开始采集Tushare数据: stk_factor_pro
[2026-02-18 23:54:03] [INFO] [tushare-collect] 成功采集1470条stk_factor_pro数据
[2026-02-18 23:54:03] [INFO] [tushare-collect] [stk_factor_pro] 第3页,获取 1470 条数据
[2026-02-18 23:54:03] [INFO] [tushare-collect] 开始采集Tushare数据: stk_factor_pro
[2026-02-18 23:54:03] [INFO] [tushare-collect] 成功采集stk_factor_pro数据，数据为空
[2026-02-18 23:54:03] [INFO] [tushare-collect] [stk_factor_pro] 采集完成,共 5470 条数据
[2026-02-18 23:54:11] [INFO] [tushare-collect] upsert 受影响 5470 行
[2026-02-18 23:54:11] [INFO] [tushare-collect] 保存 5470 条数据到aistockzml_tushare_stk_factor_pro，模式: incremental
[2026-02-18 23:54:11] [INFO] [tushare-collect] [stk_factor_pro] 数据保存成功(incremental),共 5470 条
