[2026-02-11 00:39:25] [INFO] [tushare-collect] ==================================================
[2026-02-11 00:39:25] [INFO] [tushare-collect] 开始执行财务报表采集任务
[2026-02-11 00:39:25] [INFO] [tushare-collect] 执行时间: 2026-02-11 00:39:25.912649
[2026-02-11 00:39:25] [INFO] [tushare-collect] ==================================================
[2026-02-11 00:39:25] [INFO] [tushare-collect] 当前季度及前3季度末日期列表: ['20250630', '20250930', '20251231', '20260331']
[2026-02-11 00:39:25] [INFO] [tushare-collect] 采集参数: {'method': 'income_vip', 'fields': '*', 'period': '20250630', 'report_type': '1'}
[2026-02-11 00:39:25] [INFO] [tushare-collect] 开始采集Tushare数据: income_vip
[2026-02-11 00:39:33] [INFO] [tushare-collect] 成功采集7381条income_vip数据
[2026-02-11 00:39:33] [INFO] [tushare-collect] [income] 去重后数据: 6115 条
[2026-02-11 00:39:36] [INFO] [tushare-collect] upsert 受影响 6115 行
[2026-02-11 00:39:36] [INFO] [tushare-collect] 保存 6115 条数据到aistockzml_tushare_income，模式: incremental
[2026-02-11 00:39:36] [INFO] [tushare-collect] [income] 数据保存成功
[2026-02-11 00:39:36] [INFO] [tushare-collect] 采集参数: {'method': 'income_vip', 'fields': '*', 'period': '20250930', 'report_type': '1'}
[2026-02-11 00:39:36] [INFO] [tushare-collect] 开始采集Tushare数据: income_vip
[2026-02-11 00:40:03] [INFO] [tushare-collect] 成功采集6727条income_vip数据
[2026-02-11 00:40:03] [INFO] [tushare-collect] [income] 去重后数据: 5539 条
[2026-02-11 00:40:05] [INFO] [tushare-collect] upsert 受影响 5539 行
[2026-02-11 00:40:05] [INFO] [tushare-collect] 保存 5539 条数据到aistockzml_tushare_income，模式: incremental
[2026-02-11 00:40:05] [INFO] [tushare-collect] [income] 数据保存成功
[2026-02-11 00:40:05] [INFO] [tushare-collect] 采集参数: {'method': 'income_vip', 'fields': '*', 'period': '20251231', 'report_type': '1'}
[2026-02-11 00:40:05] [INFO] [tushare-collect] 开始采集Tushare数据: income_vip
[2026-02-11 00:40:06] [INFO] [tushare-collect] 成功采集49条income_vip数据
[2026-02-11 00:40:06] [INFO] [tushare-collect] [income] 去重后数据: 49 条
[2026-02-11 00:40:06] [INFO] [tushare-collect] upsert 受影响 49 行
[2026-02-11 00:40:06] [INFO] [tushare-collect] 保存 49 条数据到aistockzml_tushare_income，模式: incremental
[2026-02-11 00:40:06] [INFO] [tushare-collect] [income] 数据保存成功
[2026-02-11 00:40:06] [INFO] [tushare-collect] 采集参数: {'method': 'income_vip', 'fields': '*', 'period': '20260331', 'report_type': '1'}
[2026-02-11 00:40:06] [INFO] [tushare-collect] 开始采集Tushare数据: income_vip
[2026-02-11 00:40:07] [INFO] [tushare-collect] 成功采集income_vip数据，数据为空
[2026-02-11 00:40:07] [INFO] [tushare-collect] [income] 无数据需要保存
[2026-02-11 00:40:07] [INFO] [tushare-collect] ==================================================
[2026-02-11 00:40:07] [INFO] [tushare-collect] 财务报表采集任务完成
[2026-02-11 00:40:07] [INFO] [tushare-collect] ==================================================
[2026-02-11 00:43:51] [INFO] [tushare-collect] ==================================================
[2026-02-11 00:43:51] [INFO] [tushare-collect] 开始执行财务报表采集任务
[2026-02-11 00:43:51] [INFO] [tushare-collect] 执行时间: 2026-02-11 00:43:51.178319
[2026-02-11 00:43:51] [INFO] [tushare-collect] ==================================================
[2026-02-11 00:43:51] [INFO] [tushare-collect] 近360天分红公告日期列表: ['20260209', '20260210', '20260211']
[2026-02-11 00:43:51] [INFO] [tushare-collect] 采集参数: {'method': 'dividend_vip', 'fields': '*', 'ann_date': '20260209'}
[2026-02-11 00:43:51] [INFO] [tushare-collect] 开始采集Tushare数据: dividend_vip
[2026-02-11 00:43:51] [INFO] [tushare-collect] 成功采集dividend_vip数据，数据为空
[2026-02-11 00:43:51] [INFO] [tushare-collect] [dividend] 无数据需要保存
[2026-02-11 00:43:51] [INFO] [tushare-collect] 采集参数: {'method': 'dividend_vip', 'fields': '*', 'ann_date': '20260210'}
[2026-02-11 00:43:51] [INFO] [tushare-collect] 开始采集Tushare数据: dividend_vip
[2026-02-11 00:43:52] [INFO] [tushare-collect] 成功采集2条dividend_vip数据
[2026-02-11 00:43:52] [INFO] [tushare-collect] [dividend] 去重后数据: 2 条
[2026-02-11 00:43:52] [INFO] [tushare-collect] upsert 受影响 2 行
[2026-02-11 00:43:52] [INFO] [tushare-collect] 保存 2 条数据到aistockzml_tushare_dividend，模式: incremental
[2026-02-11 00:43:52] [INFO] [tushare-collect] [dividend] 数据保存成功
[2026-02-11 00:43:52] [INFO] [tushare-collect] 采集参数: {'method': 'dividend_vip', 'fields': '*', 'ann_date': '20260211'}
[2026-02-11 00:43:52] [INFO] [tushare-collect] 开始采集Tushare数据: dividend_vip
[2026-02-11 00:43:53] [INFO] [tushare-collect] 成功采集dividend_vip数据，数据为空
[2026-02-11 00:43:53] [INFO] [tushare-collect] [dividend] 无数据需要保存
[2026-02-11 00:43:53] [INFO] [tushare-collect] ==================================================
[2026-02-11 00:43:53] [INFO] [tushare-collect] 财务报表采集任务完成
[2026-02-11 00:43:53] [INFO] [tushare-collect] ==================================================
[2026-02-11 01:07:27] [INFO] [collect] 开始采集Tushare数据: cashflow_vip
[2026-02-11 01:07:28] [INFO] [collect] 成功采集2条cashflow_vip数据
[2026-02-11 01:07:28] [INFO] [collect] upsert 受影响 2 行
[2026-02-11 01:07:28] [INFO] [collect] 保存 2 条数据到aistockzml_tushare_cashflow，模式: incremental
[2026-02-11 01:12:36] [INFO] [tushare-collect] ==================================================
[2026-02-11 01:12:36] [INFO] [tushare-collect] 开始执行财务报表采集任务
[2026-02-11 01:12:36] [INFO] [tushare-collect] 执行时间: 2026-02-11 01:12:36.145266
[2026-02-11 01:12:36] [INFO] [tushare-collect] ==================================================
[2026-02-11 01:12:36] [INFO] [tushare-collect] 近360天分红公告日期列表: ['20260201', '20260202', '20260203', '20260204', '20260205', '20260206', '20260207', '20260208', '20260209', '20260210', '20260211']
[2026-02-11 01:12:36] [INFO] [tushare-collect] 采集参数: {'method': 'dividend_vip', 'fields': '*', 'ann_date': '20260201'}
[2026-02-11 01:12:36] [INFO] [tushare-collect] 开始采集Tushare数据: dividend_vip
[2026-02-11 01:12:36] [INFO] [tushare-collect] 成功采集dividend_vip数据，数据为空
[2026-02-11 01:12:36] [INFO] [tushare-collect] [dividend] 无数据需要保存
[2026-02-11 01:12:37] [INFO] [tushare-collect] 采集参数: {'method': 'dividend_vip', 'fields': '*', 'ann_date': '20260202'}
[2026-02-11 01:12:37] [INFO] [tushare-collect] 开始采集Tushare数据: dividend_vip
[2026-02-11 01:12:37] [INFO] [tushare-collect] 成功采集dividend_vip数据，数据为空
[2026-02-11 01:12:37] [INFO] [tushare-collect] [dividend] 无数据需要保存
[2026-02-11 01:12:38] [INFO] [tushare-collect] 采集参数: {'method': 'dividend_vip', 'fields': '*', 'ann_date': '20260203'}
[2026-02-11 01:12:38] [INFO] [tushare-collect] 开始采集Tushare数据: dividend_vip
[2026-02-11 01:12:38] [INFO] [tushare-collect] 成功采集3条dividend_vip数据
[2026-02-11 01:12:38] [INFO] [tushare-collect] upsert 受影响 3 行
[2026-02-11 01:12:38] [INFO] [tushare-collect] 保存 3 条数据到aistockzml_tushare_dividend，模式: incremental
[2026-02-11 01:12:38] [INFO] [tushare-collect] [dividend] 数据保存成功
[2026-02-11 01:12:38] [INFO] [tushare-collect] 采集参数: {'method': 'dividend_vip', 'fields': '*', 'ann_date': '20260204'}
[2026-02-11 01:12:38] [INFO] [tushare-collect] 开始采集Tushare数据: dividend_vip
[2026-02-11 01:12:39] [INFO] [tushare-collect] 成功采集dividend_vip数据，数据为空
[2026-02-11 01:12:39] [INFO] [tushare-collect] [dividend] 无数据需要保存
[2026-02-11 01:12:39] [INFO] [tushare-collect] 采集参数: {'method': 'dividend_vip', 'fields': '*', 'ann_date': '20260205'}
[2026-02-11 01:12:39] [INFO] [tushare-collect] 开始采集Tushare数据: dividend_vip
[2026-02-11 01:12:39] [INFO] [tushare-collect] 成功采集dividend_vip数据，数据为空
[2026-02-11 01:12:39] [INFO] [tushare-collect] [dividend] 无数据需要保存
[2026-02-11 01:12:40] [INFO] [tushare-collect] 采集参数: {'method': 'dividend_vip', 'fields': '*', 'ann_date': '20260206'}
[2026-02-11 01:12:40] [INFO] [tushare-collect] 开始采集Tushare数据: dividend_vip
[2026-02-11 01:12:40] [INFO] [tushare-collect] 成功采集dividend_vip数据，数据为空
[2026-02-11 01:12:40] [INFO] [tushare-collect] [dividend] 无数据需要保存
[2026-02-11 01:12:40] [INFO] [tushare-collect] 采集参数: {'method': 'dividend_vip', 'fields': '*', 'ann_date': '20260207'}
[2026-02-11 01:12:40] [INFO] [tushare-collect] 开始采集Tushare数据: dividend_vip
[2026-02-11 01:12:41] [INFO] [tushare-collect] 成功采集dividend_vip数据，数据为空
[2026-02-11 01:12:41] [INFO] [tushare-collect] [dividend] 无数据需要保存
[2026-02-11 01:12:41] [INFO] [tushare-collect] 采集参数: {'method': 'dividend_vip', 'fields': '*', 'ann_date': '20260208'}
[2026-02-11 01:12:41] [INFO] [tushare-collect] 开始采集Tushare数据: dividend_vip
[2026-02-11 01:12:42] [INFO] [tushare-collect] 成功采集dividend_vip数据，数据为空
[2026-02-11 01:12:42] [INFO] [tushare-collect] [dividend] 无数据需要保存
[2026-02-11 01:12:42] [INFO] [tushare-collect] 采集参数: {'method': 'dividend_vip', 'fields': '*', 'ann_date': '20260209'}
[2026-02-11 01:12:42] [INFO] [tushare-collect] 开始采集Tushare数据: dividend_vip
[2026-02-11 01:12:42] [INFO] [tushare-collect] 成功采集dividend_vip数据，数据为空
[2026-02-11 01:12:42] [INFO] [tushare-collect] [dividend] 无数据需要保存
[2026-02-11 01:12:43] [INFO] [tushare-collect] 采集参数: {'method': 'dividend_vip', 'fields': '*', 'ann_date': '20260210'}
[2026-02-11 01:12:43] [INFO] [tushare-collect] 开始采集Tushare数据: dividend_vip
[2026-02-11 01:12:43] [INFO] [tushare-collect] 成功采集2条dividend_vip数据
[2026-02-11 01:12:43] [INFO] [tushare-collect] upsert 受影响 2 行
[2026-02-11 01:12:43] [INFO] [tushare-collect] 保存 2 条数据到aistockzml_tushare_dividend，模式: incremental
[2026-02-11 01:12:43] [INFO] [tushare-collect] [dividend] 数据保存成功
[2026-02-11 01:12:43] [INFO] [tushare-collect] 采集参数: {'method': 'dividend_vip', 'fields': '*', 'ann_date': '20260211'}
[2026-02-11 01:12:43] [INFO] [tushare-collect] 开始采集Tushare数据: dividend_vip
[2026-02-11 01:12:44] [INFO] [tushare-collect] 成功采集dividend_vip数据，数据为空
[2026-02-11 01:12:44] [INFO] [tushare-collect] [dividend] 无数据需要保存
[2026-02-11 01:12:44] [INFO] [tushare-collect] ==================================================
[2026-02-11 01:12:44] [INFO] [tushare-collect] 财务报表采集任务完成
[2026-02-11 01:12:44] [INFO] [tushare-collect] ==================================================
[2026-02-11 01:26:10] [INFO] [tushare-collect] ==================================================
[2026-02-11 01:26:10] [INFO] [tushare-collect] 开始执行财务报表采集任务
[2026-02-11 01:26:10] [INFO] [tushare-collect] 执行时间: 2026-02-11 01:26:10.959394
[2026-02-11 01:26:10] [INFO] [tushare-collect] ==================================================
[2026-02-11 01:26:10] [INFO] [tushare-collect] 近360天分红公告日期列表: ['20260201', '20260202', '20260203', '20260204', '20260205', '20260206', '20260207', '20260208', '20260209', '20260210', '20260211']
[2026-02-11 01:26:10] [INFO] [tushare-collect] 采集参数: {'method': 'dividend_vip', 'fields': '*', 'ann_date': '20260201'}
[2026-02-11 01:26:10] [INFO] [tushare-collect] 开始采集Tushare数据: dividend_vip
[2026-02-11 01:26:11] [INFO] [tushare-collect] 成功采集dividend_vip数据，数据为空
[2026-02-11 01:26:11] [INFO] [tushare-collect] [dividend] 无数据需要保存
[2026-02-11 01:26:12] [INFO] [tushare-collect] 采集参数: {'method': 'dividend_vip', 'fields': '*', 'ann_date': '20260202'}
[2026-02-11 01:26:12] [INFO] [tushare-collect] 开始采集Tushare数据: dividend_vip
[2026-02-11 01:26:12] [INFO] [tushare-collect] 成功采集dividend_vip数据，数据为空
[2026-02-11 01:26:12] [INFO] [tushare-collect] [dividend] 无数据需要保存
[2026-02-11 01:26:13] [INFO] [tushare-collect] 采集参数: {'method': 'dividend_vip', 'fields': '*', 'ann_date': '20260203'}
[2026-02-11 01:26:13] [INFO] [tushare-collect] 开始采集Tushare数据: dividend_vip
[2026-02-11 01:26:13] [INFO] [tushare-collect] 成功采集3条dividend_vip数据
[2026-02-11 01:26:13] [INFO] [tushare-collect] upsert 受影响 3 行
[2026-02-11 01:26:13] [INFO] [tushare-collect] 保存 3 条数据到aistockzml_tushare_dividend，模式: incremental
[2026-02-11 01:26:13] [INFO] [tushare-collect] [dividend] 数据保存成功
[2026-02-11 01:26:14] [INFO] [tushare-collect] 采集参数: {'method': 'dividend_vip', 'fields': '*', 'ann_date': '20260204'}
[2026-02-11 01:26:14] [INFO] [tushare-collect] 开始采集Tushare数据: dividend_vip
[2026-02-11 01:26:14] [INFO] [tushare-collect] 成功采集dividend_vip数据，数据为空
[2026-02-11 01:26:14] [INFO] [tushare-collect] [dividend] 无数据需要保存
[2026-02-11 01:26:14] [INFO] [tushare-collect] 采集参数: {'method': 'dividend_vip', 'fields': '*', 'ann_date': '20260205'}
[2026-02-11 01:26:14] [INFO] [tushare-collect] 开始采集Tushare数据: dividend_vip
[2026-02-11 01:26:15] [INFO] [tushare-collect] 成功采集dividend_vip数据，数据为空
[2026-02-11 01:26:15] [INFO] [tushare-collect] [dividend] 无数据需要保存
[2026-02-11 01:26:15] [INFO] [tushare-collect] 采集参数: {'method': 'dividend_vip', 'fields': '*', 'ann_date': '20260206'}
[2026-02-11 01:26:15] [INFO] [tushare-collect] 开始采集Tushare数据: dividend_vip
[2026-02-11 01:26:15] [INFO] [tushare-collect] 成功采集dividend_vip数据，数据为空
[2026-02-11 01:26:15] [INFO] [tushare-collect] [dividend] 无数据需要保存
[2026-02-11 01:26:15] [INFO] [tushare-collect] 采集参数: {'method': 'dividend_vip', 'fields': '*', 'ann_date': '20260207'}
[2026-02-11 01:26:15] [INFO] [tushare-collect] 开始采集Tushare数据: dividend_vip
[2026-02-11 01:26:16] [INFO] [tushare-collect] 成功采集dividend_vip数据，数据为空
[2026-02-11 01:26:16] [INFO] [tushare-collect] [dividend] 无数据需要保存
[2026-02-11 01:26:16] [INFO] [tushare-collect] 采集参数: {'method': 'dividend_vip', 'fields': '*', 'ann_date': '20260208'}
[2026-02-11 01:26:16] [INFO] [tushare-collect] 开始采集Tushare数据: dividend_vip
[2026-02-11 01:26:17] [INFO] [tushare-collect] 成功采集dividend_vip数据，数据为空
[2026-02-11 01:26:17] [INFO] [tushare-collect] [dividend] 无数据需要保存
[2026-02-11 01:26:17] [INFO] [tushare-collect] 采集参数: {'method': 'dividend_vip', 'fields': '*', 'ann_date': '20260209'}
[2026-02-11 01:26:17] [INFO] [tushare-collect] 开始采集Tushare数据: dividend_vip
[2026-02-11 01:26:17] [INFO] [tushare-collect] 成功采集dividend_vip数据，数据为空
[2026-02-11 01:26:17] [INFO] [tushare-collect] [dividend] 无数据需要保存
[2026-02-11 01:26:17] [INFO] [tushare-collect] 采集参数: {'method': 'dividend_vip', 'fields': '*', 'ann_date': '20260210'}
[2026-02-11 01:26:17] [INFO] [tushare-collect] 开始采集Tushare数据: dividend_vip
[2026-02-11 01:26:18] [INFO] [tushare-collect] 成功采集2条dividend_vip数据
[2026-02-11 01:26:18] [INFO] [tushare-collect] upsert 受影响 2 行
[2026-02-11 01:26:18] [INFO] [tushare-collect] 保存 2 条数据到aistockzml_tushare_dividend，模式: incremental
[2026-02-11 01:26:18] [INFO] [tushare-collect] [dividend] 数据保存成功
[2026-02-11 01:26:18] [INFO] [tushare-collect] 采集参数: {'method': 'dividend_vip', 'fields': '*', 'ann_date': '20260211'}
[2026-02-11 01:26:18] [INFO] [tushare-collect] 开始采集Tushare数据: dividend_vip
[2026-02-11 01:26:19] [INFO] [tushare-collect] 成功采集dividend_vip数据，数据为空
[2026-02-11 01:26:19] [INFO] [tushare-collect] [dividend] 无数据需要保存
[2026-02-11 01:26:19] [INFO] [tushare-collect] ==================================================
[2026-02-11 01:26:19] [INFO] [tushare-collect] 财务报表采集任务完成
[2026-02-11 01:26:19] [INFO] [tushare-collect] ==================================================
[2026-02-11 01:38:58] [INFO] [tushare-collect] ==================================================
[2026-02-11 01:38:58] [INFO] [tushare-collect] 开始执行财务报表采集任务
[2026-02-11 01:38:58] [INFO] [tushare-collect] 执行时间: 2026-02-11 01:38:58.295934
[2026-02-11 01:38:58] [INFO] [tushare-collect] ==================================================
[2026-02-11 01:38:58] [INFO] [tushare-collect] 近360天分红公告日期列表: ['20260201', '20260202', '20260203', '20260204', '20260205', '20260206', '20260207', '20260208', '20260209', '20260210', '20260211']
[2026-02-11 01:38:58] [INFO] [tushare-collect] 采集参数: {'method': 'dividend_vip', 'fields': '*', 'ann_date': '20260201'}
[2026-02-11 01:38:58] [INFO] [tushare-collect] 开始采集Tushare数据: dividend_vip
[2026-02-11 01:38:59] [INFO] [tushare-collect] 成功采集dividend_vip数据，数据为空
[2026-02-11 01:38:59] [INFO] [tushare-collect] [dividend] 无数据需要保存
[2026-02-11 01:38:59] [INFO] [tushare-collect] 采集参数: {'method': 'dividend_vip', 'fields': '*', 'ann_date': '20260202'}
[2026-02-11 01:38:59] [INFO] [tushare-collect] 开始采集Tushare数据: dividend_vip
[2026-02-11 01:38:59] [INFO] [tushare-collect] 成功采集dividend_vip数据，数据为空
[2026-02-11 01:38:59] [INFO] [tushare-collect] [dividend] 无数据需要保存
[2026-02-11 01:39:00] [INFO] [tushare-collect] 采集参数: {'method': 'dividend_vip', 'fields': '*', 'ann_date': '20260203'}
[2026-02-11 01:39:00] [INFO] [tushare-collect] 开始采集Tushare数据: dividend_vip
[2026-02-11 01:39:00] [INFO] [tushare-collect] 成功采集3条dividend_vip数据
[2026-02-11 01:39:00] [INFO] [tushare-collect] upsert 受影响 3 行
[2026-02-11 01:39:00] [INFO] [tushare-collect] 保存 3 条数据到aistockzml_tushare_dividend，模式: incremental
[2026-02-11 01:39:00] [INFO] [tushare-collect] [dividend] 数据保存成功
[2026-02-11 01:39:00] [INFO] [tushare-collect] 采集参数: {'method': 'dividend_vip', 'fields': '*', 'ann_date': '20260204'}
[2026-02-11 01:39:00] [INFO] [tushare-collect] 开始采集Tushare数据: dividend_vip
[2026-02-11 01:39:01] [INFO] [tushare-collect] 成功采集dividend_vip数据，数据为空
[2026-02-11 01:39:01] [INFO] [tushare-collect] [dividend] 无数据需要保存
[2026-02-11 01:39:01] [INFO] [tushare-collect] 采集参数: {'method': 'dividend_vip', 'fields': '*', 'ann_date': '20260205'}
[2026-02-11 01:39:01] [INFO] [tushare-collect] 开始采集Tushare数据: dividend_vip
[2026-02-11 01:39:02] [INFO] [tushare-collect] 成功采集dividend_vip数据，数据为空
[2026-02-11 01:39:02] [INFO] [tushare-collect] [dividend] 无数据需要保存
[2026-02-11 01:39:02] [INFO] [tushare-collect] 采集参数: {'method': 'dividend_vip', 'fields': '*', 'ann_date': '20260206'}
[2026-02-11 01:39:02] [INFO] [tushare-collect] 开始采集Tushare数据: dividend_vip
[2026-02-11 01:39:02] [INFO] [tushare-collect] 成功采集dividend_vip数据，数据为空
[2026-02-11 01:39:02] [INFO] [tushare-collect] [dividend] 无数据需要保存
[2026-02-11 01:39:03] [INFO] [tushare-collect] 采集参数: {'method': 'dividend_vip', 'fields': '*', 'ann_date': '20260207'}
[2026-02-11 01:39:03] [INFO] [tushare-collect] 开始采集Tushare数据: dividend_vip
[2026-02-11 01:39:03] [INFO] [tushare-collect] 成功采集dividend_vip数据，数据为空
[2026-02-11 01:39:03] [INFO] [tushare-collect] [dividend] 无数据需要保存
[2026-02-11 01:39:03] [INFO] [tushare-collect] 采集参数: {'method': 'dividend_vip', 'fields': '*', 'ann_date': '20260208'}
[2026-02-11 01:39:03] [INFO] [tushare-collect] 开始采集Tushare数据: dividend_vip
[2026-02-11 01:39:04] [INFO] [tushare-collect] 成功采集dividend_vip数据，数据为空
[2026-02-11 01:39:04] [INFO] [tushare-collect] [dividend] 无数据需要保存
[2026-02-11 01:39:04] [INFO] [tushare-collect] 采集参数: {'method': 'dividend_vip', 'fields': '*', 'ann_date': '20260209'}
[2026-02-11 01:39:04] [INFO] [tushare-collect] 开始采集Tushare数据: dividend_vip
[2026-02-11 01:39:05] [INFO] [tushare-collect] 成功采集dividend_vip数据，数据为空
[2026-02-11 01:39:05] [INFO] [tushare-collect] [dividend] 无数据需要保存
[2026-02-11 01:39:05] [INFO] [tushare-collect] 采集参数: {'method': 'dividend_vip', 'fields': '*', 'ann_date': '20260210'}
[2026-02-11 01:39:05] [INFO] [tushare-collect] 开始采集Tushare数据: dividend_vip
[2026-02-11 01:39:05] [INFO] [tushare-collect] 成功采集2条dividend_vip数据
[2026-02-11 01:39:05] [INFO] [tushare-collect] upsert 受影响 2 行
[2026-02-11 01:39:05] [INFO] [tushare-collect] 保存 2 条数据到aistockzml_tushare_dividend，模式: incremental
[2026-02-11 01:39:05] [INFO] [tushare-collect] [dividend] 数据保存成功
[2026-02-11 01:39:06] [INFO] [tushare-collect] 采集参数: {'method': 'dividend_vip', 'fields': '*', 'ann_date': '20260211'}
[2026-02-11 01:39:06] [INFO] [tushare-collect] 开始采集Tushare数据: dividend_vip
[2026-02-11 01:39:06] [INFO] [tushare-collect] 成功采集dividend_vip数据，数据为空
[2026-02-11 01:39:06] [INFO] [tushare-collect] [dividend] 无数据需要保存
[2026-02-11 01:39:06] [INFO] [tushare-collect] ==================================================
[2026-02-11 01:39:06] [INFO] [tushare-collect] 财务报表采集任务完成
[2026-02-11 01:39:06] [INFO] [tushare-collect] ==================================================
[2026-02-11 01:41:19] [INFO] [tushare-collect] ==================================================
[2026-02-11 01:41:19] [INFO] [tushare-collect] 开始执行财务报表采集任务
[2026-02-11 01:41:19] [INFO] [tushare-collect] 执行时间: 2026-02-11 01:41:19.213535
[2026-02-11 01:41:19] [INFO] [tushare-collect] ==================================================
[2026-02-11 01:41:19] [INFO] [tushare-collect] 近360天分红公告日期列表: ['20260201', '20260202', '20260203', '20260204', '20260205', '20260206', '20260207', '20260208', '20260209', '20260210', '20260211']
[2026-02-11 01:41:19] [INFO] [tushare-collect] 采集参数: {'method': 'dividend_vip', 'fields': '*', 'ann_date': '20260201'}
[2026-02-11 01:41:19] [INFO] [tushare-collect] 开始采集Tushare数据: dividend_vip
[2026-02-11 01:41:19] [INFO] [tushare-collect] 成功采集dividend_vip数据，数据为空
[2026-02-11 01:41:19] [INFO] [tushare-collect] [dividend] 无数据需要保存
[2026-02-11 01:41:19] [INFO] [tushare-collect] 采集参数: {'method': 'dividend_vip', 'fields': '*', 'ann_date': '20260202'}
[2026-02-11 01:41:19] [INFO] [tushare-collect] 开始采集Tushare数据: dividend_vip
[2026-02-11 01:41:20] [INFO] [tushare-collect] 成功采集dividend_vip数据，数据为空
[2026-02-11 01:41:20] [INFO] [tushare-collect] [dividend] 无数据需要保存
[2026-02-11 01:41:20] [INFO] [tushare-collect] 采集参数: {'method': 'dividend_vip', 'fields': '*', 'ann_date': '20260203'}
[2026-02-11 01:41:20] [INFO] [tushare-collect] 开始采集Tushare数据: dividend_vip
[2026-02-11 01:41:21] [INFO] [tushare-collect] 成功采集3条dividend_vip数据
[2026-02-11 01:41:21] [INFO] [tushare-collect] upsert 受影响 3 行
[2026-02-11 01:41:21] [INFO] [tushare-collect] 保存 3 条数据到aistockzml_tushare_dividend，模式: incremental
[2026-02-11 01:41:21] [INFO] [tushare-collect] [dividend] 数据保存成功
[2026-02-11 01:41:21] [INFO] [tushare-collect] 采集参数: {'method': 'dividend_vip', 'fields': '*', 'ann_date': '20260204'}
[2026-02-11 01:41:21] [INFO] [tushare-collect] 开始采集Tushare数据: dividend_vip
[2026-02-11 01:41:22] [INFO] [tushare-collect] 成功采集dividend_vip数据，数据为空
[2026-02-11 01:41:22] [INFO] [tushare-collect] [dividend] 无数据需要保存
[2026-02-11 01:41:22] [INFO] [tushare-collect] 采集参数: {'method': 'dividend_vip', 'fields': '*', 'ann_date': '20260205'}
[2026-02-11 01:41:22] [INFO] [tushare-collect] 开始采集Tushare数据: dividend_vip
[2026-02-11 01:41:22] [INFO] [tushare-collect] 成功采集dividend_vip数据，数据为空
[2026-02-11 01:41:22] [INFO] [tushare-collect] [dividend] 无数据需要保存
[2026-02-11 01:41:22] [INFO] [tushare-collect] 采集参数: {'method': 'dividend_vip', 'fields': '*', 'ann_date': '20260206'}
[2026-02-11 01:41:22] [INFO] [tushare-collect] 开始采集Tushare数据: dividend_vip
[2026-02-11 01:41:23] [INFO] [tushare-collect] 成功采集dividend_vip数据，数据为空
[2026-02-11 01:41:23] [INFO] [tushare-collect] [dividend] 无数据需要保存
[2026-02-11 01:41:23] [INFO] [tushare-collect] 采集参数: {'method': 'dividend_vip', 'fields': '*', 'ann_date': '20260207'}
[2026-02-11 01:41:23] [INFO] [tushare-collect] 开始采集Tushare数据: dividend_vip
[2026-02-11 01:41:24] [INFO] [tushare-collect] 成功采集dividend_vip数据，数据为空
[2026-02-11 01:41:24] [INFO] [tushare-collect] [dividend] 无数据需要保存
[2026-02-11 01:41:24] [INFO] [tushare-collect] 采集参数: {'method': 'dividend_vip', 'fields': '*', 'ann_date': '20260208'}
[2026-02-11 01:41:24] [INFO] [tushare-collect] 开始采集Tushare数据: dividend_vip
[2026-02-11 01:41:24] [INFO] [tushare-collect] 成功采集dividend_vip数据，数据为空
[2026-02-11 01:41:24] [INFO] [tushare-collect] [dividend] 无数据需要保存
[2026-02-11 01:41:24] [INFO] [tushare-collect] 采集参数: {'method': 'dividend_vip', 'fields': '*', 'ann_date': '20260209'}
[2026-02-11 01:41:24] [INFO] [tushare-collect] 开始采集Tushare数据: dividend_vip
[2026-02-11 01:41:25] [INFO] [tushare-collect] 成功采集dividend_vip数据，数据为空
[2026-02-11 01:41:25] [INFO] [tushare-collect] [dividend] 无数据需要保存
[2026-02-11 01:41:25] [INFO] [tushare-collect] 采集参数: {'method': 'dividend_vip', 'fields': '*', 'ann_date': '20260210'}
[2026-02-11 01:41:25] [INFO] [tushare-collect] 开始采集Tushare数据: dividend_vip
[2026-02-11 01:41:26] [INFO] [tushare-collect] 成功采集2条dividend_vip数据
[2026-02-11 01:41:26] [INFO] [tushare-collect] upsert 受影响 2 行
[2026-02-11 01:41:26] [INFO] [tushare-collect] 保存 2 条数据到aistockzml_tushare_dividend，模式: incremental
[2026-02-11 01:41:26] [INFO] [tushare-collect] [dividend] 数据保存成功
[2026-02-11 01:41:26] [INFO] [tushare-collect] 采集参数: {'method': 'dividend_vip', 'fields': '*', 'ann_date': '20260211'}
[2026-02-11 01:41:26] [INFO] [tushare-collect] 开始采集Tushare数据: dividend_vip
[2026-02-11 01:41:27] [INFO] [tushare-collect] 成功采集dividend_vip数据，数据为空
[2026-02-11 01:41:27] [INFO] [tushare-collect] [dividend] 无数据需要保存
[2026-02-11 01:41:27] [INFO] [tushare-collect] ==================================================
[2026-02-11 01:41:27] [INFO] [tushare-collect] 财务报表采集任务完成
[2026-02-11 01:41:27] [INFO] [tushare-collect] ==================================================
[2026-02-11 02:09:17] [INFO] [tushare-collect] ==================================================
[2026-02-11 02:09:17] [INFO] [tushare-collect] 开始执行财务报表采集任务
[2026-02-11 02:09:17] [INFO] [tushare-collect] 执行时间: 2026-02-11 02:09:17.697875
[2026-02-11 02:09:17] [INFO] [tushare-collect] ==================================================
[2026-02-11 02:09:17] [INFO] [tushare-collect] 近360天分红公告日期列表: ['20260201', '20260202', '20260203', '20260204', '20260205', '20260206', '20260207', '20260208', '20260209', '20260210', '20260211']
[2026-02-11 02:09:17] [INFO] [tushare-collect] 采集参数: {'method': 'dividend_vip', 'fields': '*', 'ann_date': '20260201'}
[2026-02-11 02:09:17] [INFO] [tushare-collect] 开始采集Tushare数据: dividend_vip
[2026-02-11 02:09:19] [INFO] [tushare-collect] 成功采集dividend_vip数据，数据为空
[2026-02-11 02:09:19] [INFO] [tushare-collect] [dividend] 无数据需要保存
[2026-02-11 02:09:19] [INFO] [tushare-collect] 采集参数: {'method': 'dividend_vip', 'fields': '*', 'ann_date': '20260202'}
[2026-02-11 02:09:19] [INFO] [tushare-collect] 开始采集Tushare数据: dividend_vip
[2026-02-11 02:09:19] [INFO] [tushare-collect] 成功采集dividend_vip数据，数据为空
[2026-02-11 02:09:19] [INFO] [tushare-collect] [dividend] 无数据需要保存
[2026-02-11 02:09:20] [INFO] [tushare-collect] 采集参数: {'method': 'dividend_vip', 'fields': '*', 'ann_date': '20260203'}
[2026-02-11 02:09:20] [INFO] [tushare-collect] 开始采集Tushare数据: dividend_vip
[2026-02-11 02:09:20] [INFO] [tushare-collect] 成功采集3条dividend_vip数据
[2026-02-11 02:09:20] [INFO] [tushare-collect] upsert 受影响 3 行
[2026-02-11 02:09:20] [INFO] [tushare-collect] 保存 3 条数据到aistockzml_tushare_dividend，模式: incremental
[2026-02-11 02:09:20] [INFO] [tushare-collect] [dividend] 数据保存成功
[2026-02-11 02:09:20] [INFO] [tushare-collect] 采集参数: {'method': 'dividend_vip', 'fields': '*', 'ann_date': '20260204'}
[2026-02-11 02:09:20] [INFO] [tushare-collect] 开始采集Tushare数据: dividend_vip
[2026-02-11 02:09:21] [INFO] [tushare-collect] 成功采集dividend_vip数据，数据为空
[2026-02-11 02:09:21] [INFO] [tushare-collect] [dividend] 无数据需要保存
[2026-02-11 02:09:21] [INFO] [tushare-collect] 采集参数: {'method': 'dividend_vip', 'fields': '*', 'ann_date': '20260205'}
[2026-02-11 02:09:21] [INFO] [tushare-collect] 开始采集Tushare数据: dividend_vip
[2026-02-11 02:09:21] [INFO] [tushare-collect] 成功采集dividend_vip数据，数据为空
[2026-02-11 02:09:21] [INFO] [tushare-collect] [dividend] 无数据需要保存
[2026-02-11 02:09:22] [INFO] [tushare-collect] 采集参数: {'method': 'dividend_vip', 'fields': '*', 'ann_date': '20260206'}
[2026-02-11 02:09:22] [INFO] [tushare-collect] 开始采集Tushare数据: dividend_vip
[2026-02-11 02:09:22] [INFO] [tushare-collect] 成功采集dividend_vip数据，数据为空
[2026-02-11 02:09:22] [INFO] [tushare-collect] [dividend] 无数据需要保存
[2026-02-11 02:09:22] [INFO] [tushare-collect] 采集参数: {'method': 'dividend_vip', 'fields': '*', 'ann_date': '20260207'}
[2026-02-11 02:09:22] [INFO] [tushare-collect] 开始采集Tushare数据: dividend_vip
[2026-02-11 02:09:23] [INFO] [tushare-collect] 成功采集dividend_vip数据，数据为空
[2026-02-11 02:09:23] [INFO] [tushare-collect] [dividend] 无数据需要保存
[2026-02-11 02:09:23] [INFO] [tushare-collect] 采集参数: {'method': 'dividend_vip', 'fields': '*', 'ann_date': '20260208'}
[2026-02-11 02:09:23] [INFO] [tushare-collect] 开始采集Tushare数据: dividend_vip
[2026-02-11 02:09:24] [INFO] [tushare-collect] 成功采集dividend_vip数据，数据为空
[2026-02-11 02:09:24] [INFO] [tushare-collect] [dividend] 无数据需要保存
[2026-02-11 02:09:24] [INFO] [tushare-collect] 采集参数: {'method': 'dividend_vip', 'fields': '*', 'ann_date': '20260209'}
[2026-02-11 02:09:24] [INFO] [tushare-collect] 开始采集Tushare数据: dividend_vip
[2026-02-11 02:09:24] [INFO] [tushare-collect] 成功采集dividend_vip数据，数据为空
[2026-02-11 02:09:24] [INFO] [tushare-collect] [dividend] 无数据需要保存
[2026-02-11 02:09:24] [INFO] [tushare-collect] 采集参数: {'method': 'dividend_vip', 'fields': '*', 'ann_date': '20260210'}
[2026-02-11 02:09:24] [INFO] [tushare-collect] 开始采集Tushare数据: dividend_vip
[2026-02-11 02:09:25] [INFO] [tushare-collect] 成功采集2条dividend_vip数据
[2026-02-11 02:09:25] [INFO] [tushare-collect] upsert 受影响 2 行
[2026-02-11 02:09:25] [INFO] [tushare-collect] 保存 2 条数据到aistockzml_tushare_dividend，模式: incremental
[2026-02-11 02:09:25] [INFO] [tushare-collect] [dividend] 数据保存成功
[2026-02-11 02:09:25] [INFO] [tushare-collect] 采集参数: {'method': 'dividend_vip', 'fields': '*', 'ann_date': '20260211'}
[2026-02-11 02:09:25] [INFO] [tushare-collect] 开始采集Tushare数据: dividend_vip
[2026-02-11 02:09:26] [INFO] [tushare-collect] 成功采集dividend_vip数据，数据为空
[2026-02-11 02:09:26] [INFO] [tushare-collect] [dividend] 无数据需要保存
[2026-02-11 02:09:26] [INFO] [tushare-collect] ==================================================
[2026-02-11 02:09:26] [INFO] [tushare-collect] 财务报表采集任务完成
[2026-02-11 02:09:26] [INFO] [tushare-collect] ==================================================
[2026-02-11 02:10:38] [INFO] [tushare-collect] ==================================================
[2026-02-11 02:10:38] [INFO] [tushare-collect] 开始执行财务报表采集任务
[2026-02-11 02:10:38] [INFO] [tushare-collect] 执行时间: 2026-02-11 02:10:38.733066
[2026-02-11 02:10:38] [INFO] [tushare-collect] ==================================================
[2026-02-11 02:10:38] [INFO] [tushare-collect] 近360天分红公告日期列表: ['20260201', '20260202', '20260203', '20260204', '20260205', '20260206', '20260207', '20260208', '20260209', '20260210', '20260211']
[2026-02-11 02:10:38] [INFO] [tushare-collect] 采集参数: {'method': 'dividend_vip', 'fields': '*', 'ann_date': '20260201'}
[2026-02-11 02:10:38] [INFO] [tushare-collect] 开始采集Tushare数据: dividend_vip
[2026-02-11 02:10:39] [INFO] [tushare-collect] 成功采集dividend_vip数据，数据为空
[2026-02-11 02:10:39] [INFO] [tushare-collect] [dividend] 无数据需要保存
[2026-02-11 02:10:39] [INFO] [tushare-collect] 采集参数: {'method': 'dividend_vip', 'fields': '*', 'ann_date': '20260202'}
[2026-02-11 02:10:39] [INFO] [tushare-collect] 开始采集Tushare数据: dividend_vip
[2026-02-11 02:10:39] [INFO] [tushare-collect] 成功采集dividend_vip数据，数据为空
[2026-02-11 02:10:39] [INFO] [tushare-collect] [dividend] 无数据需要保存
[2026-02-11 02:10:40] [INFO] [tushare-collect] 采集参数: {'method': 'dividend_vip', 'fields': '*', 'ann_date': '20260203'}
[2026-02-11 02:10:40] [INFO] [tushare-collect] 开始采集Tushare数据: dividend_vip
[2026-02-11 02:10:40] [INFO] [tushare-collect] 成功采集3条dividend_vip数据
[2026-02-11 02:10:40] [INFO] [tushare-collect] upsert 受影响 3 行
[2026-02-11 02:10:40] [INFO] [tushare-collect] 保存 3 条数据到aistockzml_tushare_dividend，模式: incremental
[2026-02-11 02:10:40] [INFO] [tushare-collect] [dividend] 数据保存成功
[2026-02-11 02:10:40] [INFO] [tushare-collect] 采集参数: {'method': 'dividend_vip', 'fields': '*', 'ann_date': '20260204'}
[2026-02-11 02:10:40] [INFO] [tushare-collect] 开始采集Tushare数据: dividend_vip
[2026-02-11 02:10:41] [INFO] [tushare-collect] 成功采集dividend_vip数据，数据为空
[2026-02-11 02:10:41] [INFO] [tushare-collect] [dividend] 无数据需要保存
[2026-02-11 02:10:41] [INFO] [tushare-collect] 采集参数: {'method': 'dividend_vip', 'fields': '*', 'ann_date': '20260205'}
[2026-02-11 02:10:41] [INFO] [tushare-collect] 开始采集Tushare数据: dividend_vip
[2026-02-11 02:10:42] [INFO] [tushare-collect] 成功采集dividend_vip数据，数据为空
[2026-02-11 02:10:42] [INFO] [tushare-collect] [dividend] 无数据需要保存
[2026-02-11 02:10:42] [INFO] [tushare-collect] 采集参数: {'method': 'dividend_vip', 'fields': '*', 'ann_date': '20260206'}
[2026-02-11 02:10:42] [INFO] [tushare-collect] 开始采集Tushare数据: dividend_vip
[2026-02-11 02:10:42] [INFO] [tushare-collect] 成功采集dividend_vip数据，数据为空
[2026-02-11 02:10:42] [INFO] [tushare-collect] [dividend] 无数据需要保存
[2026-02-11 02:10:42] [INFO] [tushare-collect] 采集参数: {'method': 'dividend_vip', 'fields': '*', 'ann_date': '20260207'}
[2026-02-11 02:10:42] [INFO] [tushare-collect] 开始采集Tushare数据: dividend_vip
[2026-02-11 02:10:43] [INFO] [tushare-collect] 成功采集dividend_vip数据，数据为空
[2026-02-11 02:10:43] [INFO] [tushare-collect] [dividend] 无数据需要保存
[2026-02-11 02:10:43] [INFO] [tushare-collect] 采集参数: {'method': 'dividend_vip', 'fields': '*', 'ann_date': '20260208'}
[2026-02-11 02:10:43] [INFO] [tushare-collect] 开始采集Tushare数据: dividend_vip
[2026-02-11 02:10:43] [INFO] [tushare-collect] 成功采集dividend_vip数据，数据为空
[2026-02-11 02:10:43] [INFO] [tushare-collect] [dividend] 无数据需要保存
[2026-02-11 02:10:44] [INFO] [tushare-collect] 采集参数: {'method': 'dividend_vip', 'fields': '*', 'ann_date': '20260209'}
[2026-02-11 02:10:44] [INFO] [tushare-collect] 开始采集Tushare数据: dividend_vip
[2026-02-11 02:10:44] [INFO] [tushare-collect] 成功采集dividend_vip数据，数据为空
[2026-02-11 02:10:44] [INFO] [tushare-collect] [dividend] 无数据需要保存
[2026-02-11 02:10:44] [INFO] [tushare-collect] 采集参数: {'method': 'dividend_vip', 'fields': '*', 'ann_date': '20260210'}
[2026-02-11 02:10:44] [INFO] [tushare-collect] 开始采集Tushare数据: dividend_vip
[2026-02-11 02:10:45] [INFO] [tushare-collect] 成功采集2条dividend_vip数据
[2026-02-11 02:10:45] [INFO] [tushare-collect] upsert 受影响 2 行
[2026-02-11 02:10:45] [INFO] [tushare-collect] 保存 2 条数据到aistockzml_tushare_dividend，模式: incremental
[2026-02-11 02:10:45] [INFO] [tushare-collect] [dividend] 数据保存成功
[2026-02-11 02:10:45] [INFO] [tushare-collect] 采集参数: {'method': 'dividend_vip', 'fields': '*', 'ann_date': '20260211'}
[2026-02-11 02:10:45] [INFO] [tushare-collect] 开始采集Tushare数据: dividend_vip
[2026-02-11 02:10:46] [INFO] [tushare-collect] 成功采集dividend_vip数据，数据为空
[2026-02-11 02:10:46] [INFO] [tushare-collect] [dividend] 无数据需要保存
[2026-02-11 02:10:46] [INFO] [tushare-collect] ==================================================
[2026-02-11 02:10:46] [INFO] [tushare-collect] 财务报表采集任务完成
[2026-02-11 02:10:46] [INFO] [tushare-collect] ==================================================
[2026-02-11 02:11:13] [INFO] [tushare-collect] ==================================================
[2026-02-11 02:11:13] [INFO] [tushare-collect] 开始执行财务报表采集任务
[2026-02-11 02:11:13] [INFO] [tushare-collect] 执行时间: 2026-02-11 02:11:13.205421
[2026-02-11 02:11:13] [INFO] [tushare-collect] ==================================================
[2026-02-11 02:11:13] [INFO] [tushare-collect] 近360天分红公告日期列表: ['20260201', '20260202', '20260203', '20260204', '20260205', '20260206', '20260207', '20260208', '20260209', '20260210', '20260211']
[2026-02-11 02:11:13] [INFO] [tushare-collect] 采集参数: {'method': 'dividend_vip', 'fields': '*', 'ann_date': '20260201'}
[2026-02-11 02:11:13] [INFO] [tushare-collect] 开始采集Tushare数据: dividend_vip
[2026-02-11 02:11:13] [INFO] [tushare-collect] 成功采集dividend_vip数据，数据为空
[2026-02-11 02:11:13] [INFO] [tushare-collect] [dividend] 无数据需要保存
[2026-02-11 02:11:14] [INFO] [tushare-collect] 采集参数: {'method': 'dividend_vip', 'fields': '*', 'ann_date': '20260202'}
[2026-02-11 02:11:14] [INFO] [tushare-collect] 开始采集Tushare数据: dividend_vip
[2026-02-11 02:11:14] [INFO] [tushare-collect] 成功采集dividend_vip数据，数据为空
[2026-02-11 02:11:14] [INFO] [tushare-collect] [dividend] 无数据需要保存
[2026-02-11 02:11:14] [INFO] [tushare-collect] 采集参数: {'method': 'dividend_vip', 'fields': '*', 'ann_date': '20260203'}
[2026-02-11 02:11:14] [INFO] [tushare-collect] 开始采集Tushare数据: dividend_vip
[2026-02-11 02:11:15] [INFO] [tushare-collect] 成功采集3条dividend_vip数据
[2026-02-11 02:11:15] [INFO] [tushare-collect] upsert 受影响 3 行
[2026-02-11 02:11:15] [INFO] [tushare-collect] 保存 3 条数据到aistockzml_tushare_dividend，模式: incremental
[2026-02-11 02:11:15] [INFO] [tushare-collect] [dividend] 数据保存成功
[2026-02-11 02:11:15] [INFO] [tushare-collect] 采集参数: {'method': 'dividend_vip', 'fields': '*', 'ann_date': '20260204'}
[2026-02-11 02:11:15] [INFO] [tushare-collect] 开始采集Tushare数据: dividend_vip
[2026-02-11 02:11:16] [INFO] [tushare-collect] 成功采集dividend_vip数据，数据为空
[2026-02-11 02:11:16] [INFO] [tushare-collect] [dividend] 无数据需要保存
[2026-02-11 02:11:16] [INFO] [tushare-collect] 采集参数: {'method': 'dividend_vip', 'fields': '*', 'ann_date': '20260205'}
[2026-02-11 02:11:16] [INFO] [tushare-collect] 开始采集Tushare数据: dividend_vip
[2026-02-11 02:11:17] [INFO] [tushare-collect] 成功采集dividend_vip数据，数据为空
[2026-02-11 02:11:17] [INFO] [tushare-collect] [dividend] 无数据需要保存
[2026-02-11 02:11:17] [INFO] [tushare-collect] 采集参数: {'method': 'dividend_vip', 'fields': '*', 'ann_date': '20260206'}
[2026-02-11 02:11:17] [INFO] [tushare-collect] 开始采集Tushare数据: dividend_vip
[2026-02-11 02:11:17] [INFO] [tushare-collect] 成功采集dividend_vip数据，数据为空
[2026-02-11 02:11:17] [INFO] [tushare-collect] [dividend] 无数据需要保存
[2026-02-11 02:11:17] [INFO] [tushare-collect] 采集参数: {'method': 'dividend_vip', 'fields': '*', 'ann_date': '20260207'}
[2026-02-11 02:11:17] [INFO] [tushare-collect] 开始采集Tushare数据: dividend_vip
[2026-02-11 02:11:18] [INFO] [tushare-collect] 成功采集dividend_vip数据，数据为空
[2026-02-11 02:11:18] [INFO] [tushare-collect] [dividend] 无数据需要保存
[2026-02-11 02:11:18] [INFO] [tushare-collect] 采集参数: {'method': 'dividend_vip', 'fields': '*', 'ann_date': '20260208'}
[2026-02-11 02:11:18] [INFO] [tushare-collect] 开始采集Tushare数据: dividend_vip
[2026-02-11 02:11:18] [INFO] [tushare-collect] 成功采集dividend_vip数据，数据为空
[2026-02-11 02:11:18] [INFO] [tushare-collect] [dividend] 无数据需要保存
[2026-02-11 02:11:19] [INFO] [tushare-collect] 采集参数: {'method': 'dividend_vip', 'fields': '*', 'ann_date': '20260209'}
[2026-02-11 02:11:19] [INFO] [tushare-collect] 开始采集Tushare数据: dividend_vip
[2026-02-11 02:11:19] [INFO] [tushare-collect] 成功采集dividend_vip数据，数据为空
[2026-02-11 02:11:19] [INFO] [tushare-collect] [dividend] 无数据需要保存
[2026-02-11 02:11:19] [INFO] [tushare-collect] 采集参数: {'method': 'dividend_vip', 'fields': '*', 'ann_date': '20260210'}
[2026-02-11 02:11:19] [INFO] [tushare-collect] 开始采集Tushare数据: dividend_vip
[2026-02-11 02:11:20] [INFO] [tushare-collect] 成功采集2条dividend_vip数据
[2026-02-11 02:11:20] [INFO] [tushare-collect] upsert 受影响 2 行
[2026-02-11 02:11:20] [INFO] [tushare-collect] 保存 2 条数据到aistockzml_tushare_dividend，模式: incremental
[2026-02-11 02:11:20] [INFO] [tushare-collect] [dividend] 数据保存成功
[2026-02-11 02:11:20] [INFO] [tushare-collect] 采集参数: {'method': 'dividend_vip', 'fields': '*', 'ann_date': '20260211'}
[2026-02-11 02:11:20] [INFO] [tushare-collect] 开始采集Tushare数据: dividend_vip
[2026-02-11 02:11:21] [INFO] [tushare-collect] 成功采集dividend_vip数据，数据为空
[2026-02-11 02:11:21] [INFO] [tushare-collect] [dividend] 无数据需要保存
[2026-02-11 02:11:21] [INFO] [tushare-collect] ==================================================
[2026-02-11 02:11:21] [INFO] [tushare-collect] 财务报表采集任务完成
[2026-02-11 02:11:21] [INFO] [tushare-collect] ==================================================
[2026-02-11 02:31:11] [INFO] [tushare-collect] ==================================================
[2026-02-11 02:31:11] [INFO] [tushare-collect] 开始执行财务报表采集任务
[2026-02-11 02:31:11] [INFO] [tushare-collect] 执行时间: 2026-02-11 02:31:11.477030
[2026-02-11 02:31:11] [INFO] [tushare-collect] ==================================================
[2026-02-11 02:31:11] [INFO] [tushare-collect] 当前季度及前3季度末日期列表: ['20250630', '20250930', '20251231', '20260331']
[2026-02-11 02:31:11] [INFO] [tushare-collect] 采集参数: {'method': 'disclosure_date_vip', 'fields': '*', 'end_date': '20250630'}
[2026-02-11 02:31:11] [INFO] [tushare-collect] 开始采集Tushare数据: disclosure_date_vip
[2026-02-11 02:31:12] [ERROR] [tushare-collect] 采集disclosure_date_vip数据失败: 请指定正确的接口名
[2026-02-11 02:31:12] [INFO] [tushare-collect] [disclosure_date] 无数据需要保存
[2026-02-11 02:31:12] [INFO] [tushare-collect] 采集参数: {'method': 'disclosure_date_vip', 'fields': '*', 'end_date': '20250930'}
[2026-02-11 02:31:12] [INFO] [tushare-collect] 开始采集Tushare数据: disclosure_date_vip
[2026-02-11 02:31:12] [ERROR] [tushare-collect] 采集disclosure_date_vip数据失败: 请指定正确的接口名
[2026-02-11 02:31:12] [INFO] [tushare-collect] [disclosure_date] 无数据需要保存
[2026-02-11 02:31:12] [INFO] [tushare-collect] 采集参数: {'method': 'disclosure_date_vip', 'fields': '*', 'end_date': '20251231'}
[2026-02-11 02:31:12] [INFO] [tushare-collect] 开始采集Tushare数据: disclosure_date_vip
[2026-02-11 02:31:17] [ERROR] [tushare-collect] 采集disclosure_date_vip数据失败: ('Connection aborted.', ConnectionResetError(10054, '远程主机强迫关闭了一个现有的连接。', None, 10054, None))
[2026-02-11 02:31:17] [INFO] [tushare-collect] [disclosure_date] 无数据需要保存
[2026-02-11 02:31:17] [INFO] [tushare-collect] 采集参数: {'method': 'disclosure_date_vip', 'fields': '*', 'end_date': '20260331'}
[2026-02-11 02:31:17] [INFO] [tushare-collect] 开始采集Tushare数据: disclosure_date_vip
[2026-02-11 02:31:18] [ERROR] [tushare-collect] 采集disclosure_date_vip数据失败: 请指定正确的接口名
[2026-02-11 02:31:18] [INFO] [tushare-collect] [disclosure_date] 无数据需要保存
[2026-02-11 02:31:18] [INFO] [tushare-collect] ==================================================
[2026-02-11 02:31:18] [INFO] [tushare-collect] 财务报表采集任务完成
[2026-02-11 02:31:18] [INFO] [tushare-collect] ==================================================
[2026-02-11 02:31:39] [INFO] [tushare-collect] ==================================================
[2026-02-11 02:31:39] [INFO] [tushare-collect] 开始执行财务报表采集任务
[2026-02-11 02:31:39] [INFO] [tushare-collect] 执行时间: 2026-02-11 02:31:39.422339
[2026-02-11 02:31:39] [INFO] [tushare-collect] ==================================================
[2026-02-11 02:31:39] [INFO] [tushare-collect] 当前季度及前3季度末日期列表: ['20250630', '20250930', '20251231', '20260331']
[2026-02-11 02:31:39] [INFO] [tushare-collect] 采集参数: {'method': 'disclosure_date', 'fields': '*', 'end_date': '20250630'}
[2026-02-11 02:31:39] [INFO] [tushare-collect] 开始采集Tushare数据: disclosure_date
[2026-02-11 02:31:40] [INFO] [tushare-collect] 成功采集5701条disclosure_date数据
[2026-02-11 02:31:40] [INFO] [tushare-collect] [disclosure_date] 去重后数据: 5701 条
[2026-02-11 02:31:41] [INFO] [tushare-collect] upsert 受影响 5701 行
[2026-02-11 02:31:41] [INFO] [tushare-collect] 保存 5701 条数据到aistockzml_tushare_disclosure_date，模式: incremental
[2026-02-11 02:31:41] [INFO] [tushare-collect] [disclosure_date] 数据保存成功
[2026-02-11 02:31:41] [INFO] [tushare-collect] 采集参数: {'method': 'disclosure_date', 'fields': '*', 'end_date': '20250930'}
[2026-02-11 02:31:41] [INFO] [tushare-collect] 开始采集Tushare数据: disclosure_date
[2026-02-11 02:31:42] [INFO] [tushare-collect] 成功采集5672条disclosure_date数据
[2026-02-11 02:31:42] [INFO] [tushare-collect] [disclosure_date] 去重后数据: 5672 条
[2026-02-11 02:31:43] [INFO] [tushare-collect] upsert 受影响 5672 行
[2026-02-11 02:31:43] [INFO] [tushare-collect] 保存 5672 条数据到aistockzml_tushare_disclosure_date，模式: incremental
[2026-02-11 02:31:43] [INFO] [tushare-collect] [disclosure_date] 数据保存成功
[2026-02-11 02:31:43] [INFO] [tushare-collect] 采集参数: {'method': 'disclosure_date', 'fields': '*', 'end_date': '20251231'}
[2026-02-11 02:31:43] [INFO] [tushare-collect] 开始采集Tushare数据: disclosure_date
[2026-02-11 02:31:43] [INFO] [tushare-collect] 成功采集5484条disclosure_date数据
[2026-02-11 02:31:43] [INFO] [tushare-collect] [disclosure_date] 去重后数据: 5484 条
[2026-02-11 02:31:44] [INFO] [tushare-collect] upsert 受影响 5484 行
[2026-02-11 02:31:44] [INFO] [tushare-collect] 保存 5484 条数据到aistockzml_tushare_disclosure_date，模式: incremental
[2026-02-11 02:31:44] [INFO] [tushare-collect] [disclosure_date] 数据保存成功
[2026-02-11 02:31:44] [INFO] [tushare-collect] 采集参数: {'method': 'disclosure_date', 'fields': '*', 'end_date': '20260331'}
[2026-02-11 02:31:44] [INFO] [tushare-collect] 开始采集Tushare数据: disclosure_date
[2026-02-11 02:31:44] [INFO] [tushare-collect] 成功采集disclosure_date数据，数据为空
[2026-02-11 02:31:44] [INFO] [tushare-collect] [disclosure_date] 无数据需要保存
[2026-02-11 02:31:44] [INFO] [tushare-collect] ==================================================
[2026-02-11 02:31:44] [INFO] [tushare-collect] 财务报表采集任务完成
[2026-02-11 02:31:44] [INFO] [tushare-collect] ==================================================
[2026-02-11 02:37:37] [INFO] [tushare-collect] ==================================================
[2026-02-11 02:37:37] [INFO] [tushare-collect] 开始执行财务报表采集任务
[2026-02-11 02:37:37] [INFO] [tushare-collect] 执行时间: 2026-02-11 02:37:37.968225
[2026-02-11 02:37:37] [INFO] [tushare-collect] ==================================================
[2026-02-11 02:37:37] [INFO] [tushare-collect] 当前季度及前3季度末日期列表: ['20250630', '20250930', '20251231', '20260331']
[2026-02-11 02:37:37] [INFO] [tushare-collect] 采集参数: {'method': 'income_vip', 'fields': '*', 'period': '20250630', 'report_type': '1'}
[2026-02-11 02:37:37] [INFO] [tushare-collect] 开始采集Tushare数据: income_vip
[2026-02-11 02:37:45] [INFO] [tushare-collect] 成功采集7381条income_vip数据
[2026-02-11 02:37:45] [INFO] [tushare-collect] [income] 去重后数据: 6115 条
[2026-02-11 02:37:48] [INFO] [tushare-collect] upsert 受影响 6115 行
[2026-02-11 02:37:48] [INFO] [tushare-collect] 保存 6115 条数据到aistockzml_tushare_income，模式: incremental
[2026-02-11 02:37:48] [INFO] [tushare-collect] [income] 数据保存成功
[2026-02-11 02:37:48] [INFO] [tushare-collect] 采集参数: {'method': 'balancesheet_vip', 'fields': '*', 'period': '20250630', 'report_type': '1'}
[2026-02-11 02:37:48] [INFO] [tushare-collect] 开始采集Tushare数据: balancesheet_vip
[2026-02-11 02:37:58] [INFO] [tushare-collect] 成功采集6632条balancesheet_vip数据
[2026-02-11 02:37:58] [INFO] [tushare-collect] [balancesheet] 去重后数据: 6120 条
[2026-02-11 02:38:02] [INFO] [tushare-collect] upsert 受影响 6120 行
[2026-02-11 02:38:02] [INFO] [tushare-collect] 保存 6120 条数据到aistockzml_tushare_balancesheet，模式: incremental
[2026-02-11 02:38:02] [INFO] [tushare-collect] [balancesheet] 数据保存成功
[2026-02-11 02:38:02] [INFO] [tushare-collect] 采集参数: {'method': 'cashflow_vip', 'fields': '*', 'period': '20250630', 'report_type': '1'}
[2026-02-11 02:38:02] [INFO] [tushare-collect] 开始采集Tushare数据: cashflow_vip
[2026-02-11 02:38:19] [INFO] [tushare-collect] 成功采集6400条cashflow_vip数据
[2026-02-11 02:38:19] [INFO] [tushare-collect] [cashflow] 去重后数据: 4731 条
[2026-02-11 02:38:21] [INFO] [tushare-collect] upsert 受影响 4731 行
[2026-02-11 02:38:21] [INFO] [tushare-collect] 保存 4731 条数据到aistockzml_tushare_cashflow，模式: incremental
[2026-02-11 02:38:21] [INFO] [tushare-collect] [cashflow] 数据保存成功
[2026-02-11 02:38:21] [INFO] [tushare-collect] 采集参数: {'method': 'forecast_vip', 'fields': '*', 'period': '20250630'}
[2026-02-11 02:38:21] [INFO] [tushare-collect] 开始采集Tushare数据: forecast_vip
[2026-02-11 02:38:25] [INFO] [tushare-collect] 成功采集1854条forecast_vip数据
[2026-02-11 02:38:25] [INFO] [tushare-collect] [forecast] 去重后数据: 1625 条
[2026-02-11 02:38:26] [INFO] [tushare-collect] upsert 受影响 1625 行
[2026-02-11 02:38:26] [INFO] [tushare-collect] 保存 1625 条数据到aistockzml_tushare_forecast，模式: incremental
[2026-02-11 02:38:26] [INFO] [tushare-collect] [forecast] 数据保存成功
[2026-02-11 02:38:26] [INFO] [tushare-collect] 采集参数: {'method': 'express_vip', 'fields': '*', 'period': '20250630'}
[2026-02-11 02:38:26] [INFO] [tushare-collect] 开始采集Tushare数据: express_vip
[2026-02-11 02:38:26] [INFO] [tushare-collect] 成功采集79条express_vip数据
[2026-02-11 02:38:26] [INFO] [tushare-collect] [express] 去重后数据: 78 条
[2026-02-11 02:38:26] [INFO] [tushare-collect] upsert 受影响 78 行
[2026-02-11 02:38:26] [INFO] [tushare-collect] 保存 78 条数据到aistockzml_tushare_express，模式: incremental
[2026-02-11 02:38:26] [INFO] [tushare-collect] [express] 数据保存成功
[2026-02-11 02:38:26] [INFO] [tushare-collect] 采集参数: {'method': 'fina_indicator_vip', 'fields': '*', 'period': '20250630'}
[2026-02-11 02:38:26] [INFO] [tushare-collect] 开始采集Tushare数据: fina_indicator_vip
[2026-02-11 02:38:55] [INFO] [tushare-collect] 成功采集7862条fina_indicator_vip数据
[2026-02-11 02:38:55] [INFO] [tushare-collect] [fina_indicator] 去重后数据: 6364 条
[2026-02-11 02:39:00] [INFO] [tushare-collect] upsert 受影响 6364 行
[2026-02-11 02:39:00] [INFO] [tushare-collect] 保存 6364 条数据到aistockzml_tushare_fina_indicator，模式: incremental
[2026-02-11 02:39:00] [INFO] [tushare-collect] [fina_indicator] 数据保存成功
[2026-02-11 02:39:00] [INFO] [tushare-collect] 采集参数: {'method': 'fina_mainbz_vip', 'fields': '*', 'period': '20250630'}
[2026-02-11 02:39:00] [INFO] [tushare-collect] 开始采集Tushare数据: fina_mainbz_vip
[2026-02-11 02:39:01] [INFO] [tushare-collect] 成功采集10000条fina_mainbz_vip数据
[2026-02-11 02:39:01] [INFO] [tushare-collect] [fina_mainbz] 去重后数据: 134 条
[2026-02-11 02:39:02] [INFO] [tushare-collect] upsert 受影响 134 行
[2026-02-11 02:39:02] [INFO] [tushare-collect] 保存 134 条数据到aistockzml_tushare_fina_mainbz，模式: incremental
[2026-02-11 02:39:02] [INFO] [tushare-collect] [fina_mainbz] 数据保存成功
[2026-02-11 02:39:02] [INFO] [tushare-collect] 采集参数: {'method': 'disclosure_date', 'fields': '*', 'end_date': '20250630'}
[2026-02-11 02:39:02] [INFO] [tushare-collect] 开始采集Tushare数据: disclosure_date
[2026-02-11 02:39:03] [INFO] [tushare-collect] 成功采集5701条disclosure_date数据
[2026-02-11 02:39:03] [INFO] [tushare-collect] [disclosure_date] 去重后数据: 5701 条
[2026-02-11 02:39:04] [INFO] [tushare-collect] upsert 受影响 5701 行
[2026-02-11 02:39:04] [INFO] [tushare-collect] 保存 5701 条数据到aistockzml_tushare_disclosure_date，模式: incremental
[2026-02-11 02:39:04] [INFO] [tushare-collect] [disclosure_date] 数据保存成功
[2026-02-11 02:39:04] [INFO] [tushare-collect] 采集参数: {'method': 'income_vip', 'fields': '*', 'period': '20250930', 'report_type': '1'}
[2026-02-11 02:39:04] [INFO] [tushare-collect] 开始采集Tushare数据: income_vip
[2026-02-11 02:39:10] [INFO] [tushare-collect] 成功采集6727条income_vip数据
[2026-02-11 02:39:10] [INFO] [tushare-collect] [income] 去重后数据: 5539 条
[2026-02-11 02:39:12] [INFO] [tushare-collect] upsert 受影响 5539 行
[2026-02-11 02:39:12] [INFO] [tushare-collect] 保存 5539 条数据到aistockzml_tushare_income，模式: incremental
[2026-02-11 02:39:12] [INFO] [tushare-collect] [income] 数据保存成功
[2026-02-11 02:39:12] [INFO] [tushare-collect] 采集参数: {'method': 'balancesheet_vip', 'fields': '*', 'period': '20250930', 'report_type': '1'}
[2026-02-11 02:39:12] [INFO] [tushare-collect] 开始采集Tushare数据: balancesheet_vip
[2026-02-11 02:39:21] [INFO] [tushare-collect] 成功采集5917条balancesheet_vip数据
[2026-02-11 02:39:21] [INFO] [tushare-collect] [balancesheet] 去重后数据: 5598 条
[2026-02-11 02:39:24] [INFO] [tushare-collect] upsert 受影响 5598 行
[2026-02-11 02:39:24] [INFO] [tushare-collect] 保存 5598 条数据到aistockzml_tushare_balancesheet，模式: incremental
[2026-02-11 02:39:24] [INFO] [tushare-collect] [balancesheet] 数据保存成功
[2026-02-11 02:39:24] [INFO] [tushare-collect] 采集参数: {'method': 'cashflow_vip', 'fields': '*', 'period': '20250930', 'report_type': '1'}
[2026-02-11 02:39:24] [INFO] [tushare-collect] 开始采集Tushare数据: cashflow_vip
[2026-02-11 02:39:31] [INFO] [tushare-collect] 成功采集6400条cashflow_vip数据
[2026-02-11 02:39:31] [INFO] [tushare-collect] [cashflow] 去重后数据: 4534 条
[2026-02-11 02:39:32] [INFO] [tushare-collect] upsert 受影响 4534 行
[2026-02-11 02:39:32] [INFO] [tushare-collect] 保存 4534 条数据到aistockzml_tushare_cashflow，模式: incremental
[2026-02-11 02:39:32] [INFO] [tushare-collect] [cashflow] 数据保存成功
[2026-02-11 02:39:32] [INFO] [tushare-collect] 采集参数: {'method': 'forecast_vip', 'fields': '*', 'period': '20250930'}
[2026-02-11 02:39:32] [INFO] [tushare-collect] 开始采集Tushare数据: forecast_vip
[2026-02-11 02:39:34] [INFO] [tushare-collect] 成功采集228条forecast_vip数据
[2026-02-11 02:39:34] [INFO] [tushare-collect] [forecast] 去重后数据: 179 条
[2026-02-11 02:39:34] [INFO] [tushare-collect] upsert 受影响 179 行
[2026-02-11 02:39:34] [INFO] [tushare-collect] 保存 179 条数据到aistockzml_tushare_forecast，模式: incremental
[2026-02-11 02:39:34] [INFO] [tushare-collect] [forecast] 数据保存成功
[2026-02-11 02:39:34] [INFO] [tushare-collect] 采集参数: {'method': 'express_vip', 'fields': '*', 'period': '20250930'}
[2026-02-11 02:39:34] [INFO] [tushare-collect] 开始采集Tushare数据: express_vip
[2026-02-11 02:39:35] [INFO] [tushare-collect] 成功采集9条express_vip数据
[2026-02-11 02:39:35] [INFO] [tushare-collect] [express] 去重后数据: 9 条
[2026-02-11 02:39:35] [INFO] [tushare-collect] upsert 受影响 9 行
[2026-02-11 02:39:35] [INFO] [tushare-collect] 保存 9 条数据到aistockzml_tushare_express，模式: incremental
[2026-02-11 02:39:35] [INFO] [tushare-collect] [express] 数据保存成功
[2026-02-11 02:39:35] [INFO] [tushare-collect] 采集参数: {'method': 'fina_indicator_vip', 'fields': '*', 'period': '20250930'}
[2026-02-11 02:39:35] [INFO] [tushare-collect] 开始采集Tushare数据: fina_indicator_vip
[2026-02-11 02:39:51] [INFO] [tushare-collect] 成功采集6926条fina_indicator_vip数据
[2026-02-11 02:39:51] [INFO] [tushare-collect] [fina_indicator] 去重后数据: 5682 条
[2026-02-11 02:39:56] [INFO] [tushare-collect] upsert 受影响 5682 行
[2026-02-11 02:39:56] [INFO] [tushare-collect] 保存 5682 条数据到aistockzml_tushare_fina_indicator，模式: incremental
[2026-02-11 02:39:56] [INFO] [tushare-collect] [fina_indicator] 数据保存成功
[2026-02-11 02:39:56] [INFO] [tushare-collect] 采集参数: {'method': 'fina_mainbz_vip', 'fields': '*', 'period': '20250930'}
[2026-02-11 02:39:56] [INFO] [tushare-collect] 开始采集Tushare数据: fina_mainbz_vip
[2026-02-11 02:39:56] [INFO] [tushare-collect] 成功采集674条fina_mainbz_vip数据
[2026-02-11 02:39:56] [INFO] [tushare-collect] [fina_mainbz] 去重后数据: 95 条
[2026-02-11 02:39:57] [INFO] [tushare-collect] upsert 受影响 95 行
[2026-02-11 02:39:57] [INFO] [tushare-collect] 保存 95 条数据到aistockzml_tushare_fina_mainbz，模式: incremental
[2026-02-11 02:39:57] [INFO] [tushare-collect] [fina_mainbz] 数据保存成功
[2026-02-11 02:39:57] [INFO] [tushare-collect] 采集参数: {'method': 'disclosure_date', 'fields': '*', 'end_date': '20250930'}
[2026-02-11 02:39:57] [INFO] [tushare-collect] 开始采集Tushare数据: disclosure_date
[2026-02-11 02:39:58] [INFO] [tushare-collect] 成功采集5672条disclosure_date数据
[2026-02-11 02:39:58] [INFO] [tushare-collect] [disclosure_date] 去重后数据: 5672 条
[2026-02-11 02:39:59] [INFO] [tushare-collect] upsert 受影响 5672 行
[2026-02-11 02:39:59] [INFO] [tushare-collect] 保存 5672 条数据到aistockzml_tushare_disclosure_date，模式: incremental
[2026-02-11 02:39:59] [INFO] [tushare-collect] [disclosure_date] 数据保存成功
[2026-02-11 02:39:59] [INFO] [tushare-collect] 采集参数: {'method': 'income_vip', 'fields': '*', 'period': '20251231', 'report_type': '1'}
[2026-02-11 02:39:59] [INFO] [tushare-collect] 开始采集Tushare数据: income_vip
[2026-02-11 02:39:59] [INFO] [tushare-collect] 成功采集49条income_vip数据
[2026-02-11 02:39:59] [INFO] [tushare-collect] [income] 去重后数据: 49 条
[2026-02-11 02:39:59] [INFO] [tushare-collect] upsert 受影响 49 行
[2026-02-11 02:39:59] [INFO] [tushare-collect] 保存 49 条数据到aistockzml_tushare_income，模式: incremental
[2026-02-11 02:39:59] [INFO] [tushare-collect] [income] 数据保存成功
[2026-02-11 02:39:59] [INFO] [tushare-collect] 采集参数: {'method': 'balancesheet_vip', 'fields': '*', 'period': '20251231', 'report_type': '1'}
[2026-02-11 02:39:59] [INFO] [tushare-collect] 开始采集Tushare数据: balancesheet_vip
[2026-02-11 02:40:00] [INFO] [tushare-collect] 成功采集50条balancesheet_vip数据
[2026-02-11 02:40:00] [INFO] [tushare-collect] [balancesheet] 去重后数据: 49 条
[2026-02-11 02:40:00] [INFO] [tushare-collect] upsert 受影响 49 行
[2026-02-11 02:40:00] [INFO] [tushare-collect] 保存 49 条数据到aistockzml_tushare_balancesheet，模式: incremental
[2026-02-11 02:40:00] [INFO] [tushare-collect] [balancesheet] 数据保存成功
[2026-02-11 02:40:00] [INFO] [tushare-collect] 采集参数: {'method': 'cashflow_vip', 'fields': '*', 'period': '20251231', 'report_type': '1'}
[2026-02-11 02:40:00] [INFO] [tushare-collect] 开始采集Tushare数据: cashflow_vip
[2026-02-11 02:40:00] [INFO] [tushare-collect] 成功采集49条cashflow_vip数据
[2026-02-11 02:40:00] [INFO] [tushare-collect] [cashflow] 去重后数据: 43 条
[2026-02-11 02:40:01] [INFO] [tushare-collect] upsert 受影响 43 行
[2026-02-11 02:40:01] [INFO] [tushare-collect] 保存 43 条数据到aistockzml_tushare_cashflow，模式: incremental
[2026-02-11 02:40:01] [INFO] [tushare-collect] [cashflow] 数据保存成功
[2026-02-11 02:40:01] [INFO] [tushare-collect] 采集参数: {'method': 'forecast_vip', 'fields': '*', 'period': '20251231'}
[2026-02-11 02:40:01] [INFO] [tushare-collect] 开始采集Tushare数据: forecast_vip
[2026-02-11 02:40:06] [INFO] [tushare-collect] 成功采集4480条forecast_vip数据
[2026-02-11 02:40:06] [INFO] [tushare-collect] [forecast] 去重后数据: 2963 条
[2026-02-11 02:40:07] [INFO] [tushare-collect] upsert 受影响 2963 行
[2026-02-11 02:40:07] [INFO] [tushare-collect] 保存 2963 条数据到aistockzml_tushare_forecast，模式: incremental
[2026-02-11 02:40:07] [INFO] [tushare-collect] [forecast] 数据保存成功
[2026-02-11 02:40:07] [INFO] [tushare-collect] 采集参数: {'method': 'express_vip', 'fields': '*', 'period': '20251231'}
[2026-02-11 02:40:07] [INFO] [tushare-collect] 开始采集Tushare数据: express_vip
[2026-02-11 02:40:07] [INFO] [tushare-collect] 成功采集126条express_vip数据
[2026-02-11 02:40:07] [INFO] [tushare-collect] [express] 去重后数据: 126 条
[2026-02-11 02:40:08] [INFO] [tushare-collect] upsert 受影响 126 行
[2026-02-11 02:40:08] [INFO] [tushare-collect] 保存 126 条数据到aistockzml_tushare_express，模式: incremental
[2026-02-11 02:40:08] [INFO] [tushare-collect] [express] 数据保存成功
[2026-02-11 02:40:08] [INFO] [tushare-collect] 采集参数: {'method': 'fina_indicator_vip', 'fields': '*', 'period': '20251231'}
[2026-02-11 02:40:08] [INFO] [tushare-collect] 开始采集Tushare数据: fina_indicator_vip
[2026-02-11 02:40:08] [INFO] [tushare-collect] 成功采集50条fina_indicator_vip数据
[2026-02-11 02:40:08] [INFO] [tushare-collect] [fina_indicator] 去重后数据: 49 条
[2026-02-11 02:40:09] [INFO] [tushare-collect] upsert 受影响 49 行
[2026-02-11 02:40:09] [INFO] [tushare-collect] 保存 49 条数据到aistockzml_tushare_fina_indicator，模式: incremental
[2026-02-11 02:40:09] [INFO] [tushare-collect] [fina_indicator] 数据保存成功
[2026-02-11 02:40:09] [INFO] [tushare-collect] 采集参数: {'method': 'fina_mainbz_vip', 'fields': '*', 'period': '20251231'}
[2026-02-11 02:40:09] [INFO] [tushare-collect] 开始采集Tushare数据: fina_mainbz_vip
[2026-02-11 02:40:10] [INFO] [tushare-collect] 成功采集837条fina_mainbz_vip数据
[2026-02-11 02:40:10] [INFO] [tushare-collect] [fina_mainbz] 去重后数据: 19 条
[2026-02-11 02:40:11] [INFO] [tushare-collect] upsert 受影响 19 行
[2026-02-11 02:40:11] [INFO] [tushare-collect] 保存 19 条数据到aistockzml_tushare_fina_mainbz，模式: incremental
[2026-02-11 02:40:11] [INFO] [tushare-collect] [fina_mainbz] 数据保存成功
[2026-02-11 02:40:11] [INFO] [tushare-collect] 采集参数: {'method': 'disclosure_date', 'fields': '*', 'end_date': '20251231'}
[2026-02-11 02:40:11] [INFO] [tushare-collect] 开始采集Tushare数据: disclosure_date
[2026-02-11 02:40:11] [INFO] [tushare-collect] 成功采集5484条disclosure_date数据
[2026-02-11 02:40:11] [INFO] [tushare-collect] [disclosure_date] 去重后数据: 5484 条
[2026-02-11 02:40:13] [INFO] [tushare-collect] upsert 受影响 5484 行
[2026-02-11 02:40:13] [INFO] [tushare-collect] 保存 5484 条数据到aistockzml_tushare_disclosure_date，模式: incremental
[2026-02-11 02:40:13] [INFO] [tushare-collect] [disclosure_date] 数据保存成功
[2026-02-11 02:40:13] [INFO] [tushare-collect] 采集参数: {'method': 'income_vip', 'fields': '*', 'period': '20260331', 'report_type': '1'}
[2026-02-11 02:40:13] [INFO] [tushare-collect] 开始采集Tushare数据: income_vip
[2026-02-11 02:40:13] [INFO] [tushare-collect] 成功采集income_vip数据，数据为空
[2026-02-11 02:40:13] [INFO] [tushare-collect] [income] 无数据需要保存
[2026-02-11 02:40:13] [INFO] [tushare-collect] 采集参数: {'method': 'balancesheet_vip', 'fields': '*', 'period': '20260331', 'report_type': '1'}
[2026-02-11 02:40:13] [INFO] [tushare-collect] 开始采集Tushare数据: balancesheet_vip
[2026-02-11 02:40:13] [INFO] [tushare-collect] 成功采集balancesheet_vip数据，数据为空
[2026-02-11 02:40:13] [INFO] [tushare-collect] [balancesheet] 无数据需要保存
[2026-02-11 02:40:13] [INFO] [tushare-collect] 采集参数: {'method': 'cashflow_vip', 'fields': '*', 'period': '20260331', 'report_type': '1'}
[2026-02-11 02:40:13] [INFO] [tushare-collect] 开始采集Tushare数据: cashflow_vip
[2026-02-11 02:40:13] [INFO] [tushare-collect] 成功采集cashflow_vip数据，数据为空
[2026-02-11 02:40:13] [INFO] [tushare-collect] [cashflow] 无数据需要保存
[2026-02-11 02:40:13] [INFO] [tushare-collect] 采集参数: {'method': 'forecast_vip', 'fields': '*', 'period': '20260331'}
[2026-02-11 02:40:13] [INFO] [tushare-collect] 开始采集Tushare数据: forecast_vip
[2026-02-11 02:40:14] [INFO] [tushare-collect] 成功采集1条forecast_vip数据
[2026-02-11 02:40:14] [INFO] [tushare-collect] [forecast] 去重后数据: 1 条
[2026-02-11 02:40:14] [INFO] [tushare-collect] upsert 受影响 1 行
[2026-02-11 02:40:14] [INFO] [tushare-collect] 保存 1 条数据到aistockzml_tushare_forecast，模式: incremental
[2026-02-11 02:40:14] [INFO] [tushare-collect] [forecast] 数据保存成功
[2026-02-11 02:40:14] [INFO] [tushare-collect] 采集参数: {'method': 'express_vip', 'fields': '*', 'period': '20260331'}
[2026-02-11 02:40:14] [INFO] [tushare-collect] 开始采集Tushare数据: express_vip
[2026-02-11 02:40:14] [INFO] [tushare-collect] 成功采集express_vip数据，数据为空
[2026-02-11 02:40:14] [INFO] [tushare-collect] [express] 无数据需要保存
[2026-02-11 02:40:14] [INFO] [tushare-collect] 采集参数: {'method': 'fina_indicator_vip', 'fields': '*', 'period': '20260331'}
[2026-02-11 02:40:14] [INFO] [tushare-collect] 开始采集Tushare数据: fina_indicator_vip
[2026-02-11 02:40:14] [INFO] [tushare-collect] 成功采集fina_indicator_vip数据，数据为空
[2026-02-11 02:40:14] [INFO] [tushare-collect] [fina_indicator] 无数据需要保存
[2026-02-11 02:40:14] [INFO] [tushare-collect] 采集参数: {'method': 'fina_mainbz_vip', 'fields': '*', 'period': '20260331'}
[2026-02-11 02:40:14] [INFO] [tushare-collect] 开始采集Tushare数据: fina_mainbz_vip
[2026-02-11 02:40:15] [INFO] [tushare-collect] 成功采集fina_mainbz_vip数据，数据为空
[2026-02-11 02:40:15] [INFO] [tushare-collect] [fina_mainbz] 无数据需要保存
[2026-02-11 02:40:15] [INFO] [tushare-collect] 采集参数: {'method': 'disclosure_date', 'fields': '*', 'end_date': '20260331'}
[2026-02-11 02:40:15] [INFO] [tushare-collect] 开始采集Tushare数据: disclosure_date
[2026-02-11 02:40:15] [INFO] [tushare-collect] 成功采集disclosure_date数据，数据为空
[2026-02-11 02:40:15] [INFO] [tushare-collect] [disclosure_date] 无数据需要保存
[2026-02-11 02:40:15] [INFO] [tushare-collect] 近360天分红公告日期列表: ['20260201', '20260202', '20260203', '20260204', '20260205', '20260206', '20260207', '20260208', '20260209', '20260210', '20260211']
[2026-02-11 02:40:15] [INFO] [tushare-collect] 采集参数: {'method': 'dividend_vip', 'fields': '*', 'ann_date': '20260201'}
[2026-02-11 02:40:15] [INFO] [tushare-collect] 开始采集Tushare数据: dividend_vip
[2026-02-11 02:40:15] [INFO] [tushare-collect] 成功采集dividend_vip数据，数据为空
[2026-02-11 02:40:15] [INFO] [tushare-collect] [dividend] 无数据需要保存
[2026-02-11 02:40:16] [INFO] [tushare-collect] 采集参数: {'method': 'dividend_vip', 'fields': '*', 'ann_date': '20260202'}
[2026-02-11 02:40:16] [INFO] [tushare-collect] 开始采集Tushare数据: dividend_vip
[2026-02-11 02:40:16] [INFO] [tushare-collect] 成功采集dividend_vip数据，数据为空
[2026-02-11 02:40:16] [INFO] [tushare-collect] [dividend] 无数据需要保存
[2026-02-11 02:40:16] [INFO] [tushare-collect] 采集参数: {'method': 'dividend_vip', 'fields': '*', 'ann_date': '20260203'}
[2026-02-11 02:40:16] [INFO] [tushare-collect] 开始采集Tushare数据: dividend_vip
[2026-02-11 02:40:17] [INFO] [tushare-collect] 成功采集3条dividend_vip数据
[2026-02-11 02:40:17] [INFO] [tushare-collect] upsert 受影响 3 行
[2026-02-11 02:40:17] [INFO] [tushare-collect] 保存 3 条数据到aistockzml_tushare_dividend，模式: incremental
[2026-02-11 02:40:17] [INFO] [tushare-collect] [dividend] 数据保存成功
[2026-02-11 02:40:17] [INFO] [tushare-collect] 采集参数: {'method': 'dividend_vip', 'fields': '*', 'ann_date': '20260204'}
[2026-02-11 02:40:17] [INFO] [tushare-collect] 开始采集Tushare数据: dividend_vip
[2026-02-11 02:40:17] [INFO] [tushare-collect] 成功采集dividend_vip数据，数据为空
[2026-02-11 02:40:17] [INFO] [tushare-collect] [dividend] 无数据需要保存
[2026-02-11 02:40:18] [INFO] [tushare-collect] 采集参数: {'method': 'dividend_vip', 'fields': '*', 'ann_date': '20260205'}
[2026-02-11 02:40:18] [INFO] [tushare-collect] 开始采集Tushare数据: dividend_vip
[2026-02-11 02:40:18] [INFO] [tushare-collect] 成功采集dividend_vip数据，数据为空
[2026-02-11 02:40:18] [INFO] [tushare-collect] [dividend] 无数据需要保存
[2026-02-11 02:40:18] [INFO] [tushare-collect] 采集参数: {'method': 'dividend_vip', 'fields': '*', 'ann_date': '20260206'}
[2026-02-11 02:40:18] [INFO] [tushare-collect] 开始采集Tushare数据: dividend_vip
[2026-02-11 02:40:19] [INFO] [tushare-collect] 成功采集dividend_vip数据，数据为空
[2026-02-11 02:40:19] [INFO] [tushare-collect] [dividend] 无数据需要保存
[2026-02-11 02:40:19] [INFO] [tushare-collect] 采集参数: {'method': 'dividend_vip', 'fields': '*', 'ann_date': '20260207'}
[2026-02-11 02:40:19] [INFO] [tushare-collect] 开始采集Tushare数据: dividend_vip
[2026-02-11 02:40:19] [INFO] [tushare-collect] 成功采集dividend_vip数据，数据为空
[2026-02-11 02:40:19] [INFO] [tushare-collect] [dividend] 无数据需要保存
[2026-02-11 02:40:20] [INFO] [tushare-collect] 采集参数: {'method': 'dividend_vip', 'fields': '*', 'ann_date': '20260208'}
[2026-02-11 02:40:20] [INFO] [tushare-collect] 开始采集Tushare数据: dividend_vip
[2026-02-11 02:40:20] [INFO] [tushare-collect] 成功采集dividend_vip数据，数据为空
[2026-02-11 02:40:20] [INFO] [tushare-collect] [dividend] 无数据需要保存
[2026-02-11 02:40:20] [INFO] [tushare-collect] 采集参数: {'method': 'dividend_vip', 'fields': '*', 'ann_date': '20260209'}
[2026-02-11 02:40:20] [INFO] [tushare-collect] 开始采集Tushare数据: dividend_vip
[2026-02-11 02:40:21] [INFO] [tushare-collect] 成功采集dividend_vip数据，数据为空
[2026-02-11 02:40:21] [INFO] [tushare-collect] [dividend] 无数据需要保存
[2026-02-11 02:40:21] [INFO] [tushare-collect] 采集参数: {'method': 'dividend_vip', 'fields': '*', 'ann_date': '20260210'}
[2026-02-11 02:40:21] [INFO] [tushare-collect] 开始采集Tushare数据: dividend_vip
[2026-02-11 02:40:21] [INFO] [tushare-collect] 成功采集2条dividend_vip数据
[2026-02-11 02:40:22] [INFO] [tushare-collect] upsert 受影响 2 行
[2026-02-11 02:40:22] [INFO] [tushare-collect] 保存 2 条数据到aistockzml_tushare_dividend，模式: incremental
[2026-02-11 02:40:22] [INFO] [tushare-collect] [dividend] 数据保存成功
[2026-02-11 02:40:22] [INFO] [tushare-collect] 采集参数: {'method': 'dividend_vip', 'fields': '*', 'ann_date': '20260211'}
[2026-02-11 02:40:22] [INFO] [tushare-collect] 开始采集Tushare数据: dividend_vip
[2026-02-11 02:40:22] [INFO] [tushare-collect] 成功采集dividend_vip数据，数据为空
[2026-02-11 02:40:22] [INFO] [tushare-collect] [dividend] 无数据需要保存
[2026-02-11 02:40:23] [INFO] [tushare-collect] ==================================================
[2026-02-11 02:40:23] [INFO] [tushare-collect] 财务报表采集任务完成
[2026-02-11 02:40:23] [INFO] [tushare-collect] ==================================================
[2026-02-11 09:44:21] [INFO] [tushare-collect] ==================================================
[2026-02-11 09:44:21] [INFO] [tushare-collect] 开始执行定时任务
[2026-02-11 09:44:21] [INFO] [tushare-collect] 执行时间: 2026-02-11 09:44:21.102158
[2026-02-11 09:44:21] [INFO] [tushare-collect] ==================================================
[2026-02-11 09:44:21] [INFO] [tushare-collect] 开始采集Tushare数据: trade_cal
[2026-02-11 09:44:21] [INFO] [tushare-collect] 成功采集6条trade_cal数据
[2026-02-11 09:44:21] [INFO] [tushare-collect] (20260211) 是否为交易日: True
[2026-02-11 09:44:21] [INFO] [tushare-collect] ==================================================
[2026-02-11 09:44:21] [INFO] [tushare-collect] 定时任务完成
[2026-02-11 09:44:21] [INFO] [tushare-collect] ==================================================
[2026-02-11 09:57:26] [INFO] [tushare-collect] ==================================================
[2026-02-11 09:57:26] [INFO] [tushare-collect] 开始执行定时任务
[2026-02-11 09:57:26] [INFO] [tushare-collect] 执行时间: 2026-02-11 09:57:26.410379
[2026-02-11 09:57:26] [INFO] [tushare-collect] ==================================================
[2026-02-11 09:57:26] [INFO] [tushare-collect] 开始采集Tushare数据: trade_cal
[2026-02-11 09:57:27] [INFO] [tushare-collect] 成功采集6条trade_cal数据
[2026-02-11 10:13:02] [INFO] [tushare-collect] ==================================================
[2026-02-11 10:13:02] [INFO] [tushare-collect] 开始执行定时任务
[2026-02-11 10:13:02] [INFO] [tushare-collect] 执行时间: 2026-02-11 10:13:02.391034
[2026-02-11 10:13:02] [INFO] [tushare-collect] ==================================================
[2026-02-11 10:13:02] [INFO] [tushare-collect] 开始采集Tushare数据: trade_cal
[2026-02-11 10:13:03] [INFO] [tushare-collect] 成功采集6条trade_cal数据
[2026-02-11 10:13:03] [INFO] [tushare-collect] (20260211) 是否为交易日: True
[2026-02-11 10:13:03] [INFO] [tushare-collect] 开始采集Tushare数据: stock_basic
[2026-02-11 10:13:06] [INFO] [tushare-collect] 成功采集5483条stock_basic数据
[2026-02-11 10:13:06] [INFO] [tushare-collect] 覆盖模式：清空表 aistockzml_tushare_stock_basic
[2026-02-11 10:13:08] [INFO] [tushare-collect] 保存 5483 条数据到aistockzml_tushare_stock_basic，模式: overwrite
[2026-02-11 10:13:08] [INFO] [tushare-collect] 开始采集Tushare数据: stock_hsgt
[2026-02-11 10:13:09] [INFO] [tushare-collect] 成功采集1726条stock_hsgt数据
[2026-02-11 10:13:09] [INFO] [tushare-collect] 覆盖模式：清空表 aistockzml_tushare_stock_hsgt
[2026-02-11 10:13:09] [INFO] [tushare-collect] 保存 1726 条数据到aistockzml_tushare_stock_hsgt，模式: overwrite
[2026-02-11 10:13:09] [INFO] [tushare-collect] 开始采集Tushare数据: stock_hsgt
[2026-02-11 10:13:10] [INFO] [tushare-collect] 成功采集568条stock_hsgt数据
[2026-02-11 10:13:10] [INFO] [tushare-collect] 保存 568 条数据到aistockzml_tushare_stock_hsgt，模式: incremental
[2026-02-11 10:13:10] [INFO] [tushare-collect] 开始采集Tushare数据: stock_hsgt
[2026-02-11 10:13:11] [INFO] [tushare-collect] 成功采集1539条stock_hsgt数据
[2026-02-11 10:13:11] [INFO] [tushare-collect] 保存 1539 条数据到aistockzml_tushare_stock_hsgt，模式: incremental
[2026-02-11 10:13:11] [INFO] [tushare-collect] 开始采集Tushare数据: stock_hsgt
[2026-02-11 10:13:12] [INFO] [tushare-collect] 成功采集568条stock_hsgt数据
[2026-02-11 10:13:12] [INFO] [tushare-collect] 保存 568 条数据到aistockzml_tushare_stock_hsgt，模式: incremental
[2026-02-11 10:13:12] [INFO] [tushare-collect] 开始采集Tushare数据: stock_company
[2026-02-11 10:13:20] [INFO] [tushare-collect] 成功采集2439条stock_company数据
[2026-02-11 10:13:20] [INFO] [tushare-collect] 覆盖模式：清空表 aistockzml_tushare_stock_company
[2026-02-11 10:13:23] [INFO] [tushare-collect] 保存 2439 条数据到aistockzml_tushare_stock_company，模式: overwrite
[2026-02-11 10:13:23] [INFO] [tushare-collect] 开始采集Tushare数据: stock_company
[2026-02-11 10:13:39] [INFO] [tushare-collect] 成功采集3066条stock_company数据
[2026-02-11 10:13:42] [INFO] [tushare-collect] 保存 3066 条数据到aistockzml_tushare_stock_company，模式: incremental
[2026-02-11 10:13:42] [INFO] [tushare-collect] 开始采集Tushare数据: stock_company
[2026-02-11 10:13:44] [INFO] [tushare-collect] 成功采集707条stock_company数据
[2026-02-11 10:13:46] [INFO] [tushare-collect] 保存 707 条数据到aistockzml_tushare_stock_company，模式: incremental
[2026-02-11 10:13:46] [INFO] [tushare-collect] ==================================================
[2026-02-11 10:13:46] [INFO] [tushare-collect] 定时任务完成
[2026-02-11 10:13:46] [INFO] [tushare-collect] ==================================================
[2026-02-11 13:12:58] [INFO] [tushare-collect] ==================================================
[2026-02-11 13:12:58] [INFO] [tushare-collect] 开始执行定时任务
[2026-02-11 13:12:58] [INFO] [tushare-collect] 执行时间: 2026-02-11 13:12:58.235975
[2026-02-11 13:12:58] [INFO] [tushare-collect] ==================================================
[2026-02-11 13:12:58] [INFO] [tushare-collect] 开始采集Tushare数据: daily
[2026-02-11 13:12:59] [INFO] [tushare-collect] 成功采集5470条daily数据
[2026-02-11 13:13:00] [INFO] [tushare-collect] 覆盖模式：清空表 aistockzml_tushare_daily
[2026-02-11 13:13:01] [INFO] [tushare-collect] 保存 5470 条数据到aistockzml_tushare_daily，模式: overwrite
[2026-02-11 13:13:01] [INFO] [tushare-collect] ==================================================
[2026-02-11 13:13:01] [INFO] [tushare-collect] 定时任务完成
[2026-02-11 13:13:01] [INFO] [tushare-collect] ==================================================
[2026-02-11 13:16:57] [INFO] [tushare-collect] ==================================================
[2026-02-11 13:16:57] [INFO] [tushare-collect] 开始执行定时任务
[2026-02-11 13:16:57] [INFO] [tushare-collect] 执行时间: 2026-02-11 13:16:57.550522
[2026-02-11 13:16:57] [INFO] [tushare-collect] ==================================================
[2026-02-11 13:16:57] [INFO] [tushare-collect] 开始采集Tushare数据: daily
[2026-02-11 13:16:58] [INFO] [tushare-collect] 成功采集5470条daily数据
[2026-02-11 13:17:00] [INFO] [tushare-collect] upsert 受影响 5470 行
[2026-02-11 13:17:00] [INFO] [tushare-collect] 保存 5470 条数据到aistockzml_tushare_daily，模式: incremental
[2026-02-11 13:17:00] [INFO] [tushare-collect] ==================================================
[2026-02-11 13:17:00] [INFO] [tushare-collect] 定时任务完成
[2026-02-11 13:17:00] [INFO] [tushare-collect] ==================================================
[2026-02-11 13:17:45] [INFO] [tushare-collect] ==================================================
[2026-02-11 13:17:45] [INFO] [tushare-collect] 开始执行定时任务
[2026-02-11 13:17:45] [INFO] [tushare-collect] 执行时间: 2026-02-11 13:17:45.574764
[2026-02-11 13:17:45] [INFO] [tushare-collect] ==================================================
[2026-02-11 13:17:45] [INFO] [tushare-collect] 开始采集Tushare数据: daily
[2026-02-11 13:17:46] [INFO] [tushare-collect] 成功采集5470条daily数据
[2026-02-11 13:17:48] [INFO] [tushare-collect] upsert 受影响 5470 行
[2026-02-11 13:17:48] [INFO] [tushare-collect] 保存 5470 条数据到aistockzml_tushare_daily，模式: incremental
[2026-02-11 13:17:48] [INFO] [tushare-collect] ==================================================
[2026-02-11 13:17:48] [INFO] [tushare-collect] 定时任务完成
[2026-02-11 13:17:48] [INFO] [tushare-collect] ==================================================
[2026-02-11 13:18:51] [INFO] [tushare-collect] ==================================================
[2026-02-11 13:18:51] [INFO] [tushare-collect] 开始执行定时任务
[2026-02-11 13:18:51] [INFO] [tushare-collect] 执行时间: 2026-02-11 13:18:51.509267
[2026-02-11 13:18:51] [INFO] [tushare-collect] ==================================================
[2026-02-11 13:18:51] [INFO] [tushare-collect] 开始采集Tushare数据: daily
[2026-02-11 13:18:53] [INFO] [tushare-collect] 成功采集5465条daily数据
[2026-02-11 13:18:54] [INFO] [tushare-collect] upsert 受影响 5465 行
[2026-02-11 13:18:54] [INFO] [tushare-collect] 保存 5465 条数据到aistockzml_tushare_daily，模式: incremental
[2026-02-11 13:18:54] [INFO] [tushare-collect] ==================================================
[2026-02-11 13:18:54] [INFO] [tushare-collect] 定时任务完成
[2026-02-11 13:18:54] [INFO] [tushare-collect] ==================================================
[2026-02-11 13:20:32] [INFO] [tushare-collect] ==================================================
[2026-02-11 13:20:32] [INFO] [tushare-collect] 开始执行定时任务
[2026-02-11 13:20:32] [INFO] [tushare-collect] 执行时间: 2026-02-11 13:20:32.231088
[2026-02-11 13:20:32] [INFO] [tushare-collect] ==================================================
[2026-02-11 13:20:32] [INFO] [tushare-collect] 开始采集Tushare数据: daily
[2026-02-11 13:20:32] [INFO] [tushare-collect] 成功采集daily数据，数据为空
[2026-02-11 13:20:32] [WARNING] [tushare-collect] 无数据需要保存(daily)
[2026-02-11 13:20:32] [INFO] [tushare-collect] ==================================================
[2026-02-11 13:20:32] [INFO] [tushare-collect] 定时任务完成
[2026-02-11 13:20:32] [INFO] [tushare-collect] ==================================================
[2026-02-11 13:21:15] [INFO] [tushare-collect] ==================================================
[2026-02-11 13:21:15] [INFO] [tushare-collect] 开始执行定时任务
[2026-02-11 13:21:15] [INFO] [tushare-collect] 执行时间: 2026-02-11 13:21:15.660204
[2026-02-11 13:21:15] [INFO] [tushare-collect] ==================================================
[2026-02-11 13:21:15] [INFO] [tushare-collect] 开始采集Tushare数据: daily
[2026-02-11 13:21:16] [INFO] [tushare-collect] 成功采集daily数据，数据为空
[2026-02-11 13:21:16] [WARNING] [tushare-collect] 无数据需要保存(daily)
[2026-02-11 13:21:16] [INFO] [tushare-collect] ==================================================
[2026-02-11 13:21:16] [INFO] [tushare-collect] 定时任务完成
[2026-02-11 13:21:16] [INFO] [tushare-collect] ==================================================
[2026-02-11 13:21:42] [INFO] [tushare-collect] ==================================================
[2026-02-11 13:21:42] [INFO] [tushare-collect] 开始执行定时任务
[2026-02-11 13:21:42] [INFO] [tushare-collect] 执行时间: 2026-02-11 13:21:42.933794
[2026-02-11 13:21:42] [INFO] [tushare-collect] ==================================================
[2026-02-11 13:21:42] [INFO] [tushare-collect] 开始采集Tushare数据: daily
[2026-02-11 13:21:44] [INFO] [tushare-collect] 成功采集5466条daily数据
[2026-02-11 13:21:45] [INFO] [tushare-collect] upsert 受影响 5466 行
[2026-02-11 13:21:45] [INFO] [tushare-collect] 保存 5466 条数据到aistockzml_tushare_daily，模式: incremental
[2026-02-11 13:21:45] [INFO] [tushare-collect] ==================================================
[2026-02-11 13:21:45] [INFO] [tushare-collect] 定时任务完成
[2026-02-11 13:21:45] [INFO] [tushare-collect] ==================================================
[2026-02-11 13:27:08] [INFO] [tushare-collect] ==================================================
[2026-02-11 13:27:08] [INFO] [tushare-collect] 开始执行定时任务
[2026-02-11 13:27:08] [INFO] [tushare-collect] 执行时间: 2026-02-11 13:27:08.367102
[2026-02-11 13:27:08] [INFO] [tushare-collect] ==================================================
[2026-02-11 13:27:08] [INFO] [tushare-collect] 开始采集Tushare数据: daily
[2026-02-11 13:27:09] [INFO] [tushare-collect] 成功采集5466条daily数据
[2026-02-11 13:27:11] [INFO] [tushare-collect] upsert 受影响 5466 行
[2026-02-11 13:27:11] [INFO] [tushare-collect] 保存 5466 条数据到aistockzml_tushare_daily，模式: incremental
[2026-02-11 13:27:11] [INFO] [tushare-collect] ==================================================
[2026-02-11 13:27:11] [INFO] [tushare-collect] 定时任务完成
[2026-02-11 13:27:11] [INFO] [tushare-collect] ==================================================
[2026-02-11 13:27:38] [INFO] [tushare-collect] ==================================================
[2026-02-11 13:27:38] [INFO] [tushare-collect] 开始执行定时任务
[2026-02-11 13:27:38] [INFO] [tushare-collect] 执行时间: 2026-02-11 13:27:38.754975
[2026-02-11 13:27:38] [INFO] [tushare-collect] ==================================================
[2026-02-11 13:27:38] [INFO] [tushare-collect] 开始采集Tushare数据: daily
[2026-02-11 13:27:40] [INFO] [tushare-collect] 成功采集5467条daily数据
[2026-02-11 13:27:41] [INFO] [tushare-collect] upsert 受影响 5467 行
[2026-02-11 13:27:41] [INFO] [tushare-collect] 保存 5467 条数据到aistockzml_tushare_daily，模式: incremental
[2026-02-11 13:27:41] [INFO] [tushare-collect] ==================================================
[2026-02-11 13:27:41] [INFO] [tushare-collect] 定时任务完成
[2026-02-11 13:27:41] [INFO] [tushare-collect] ==================================================
[2026-02-11 13:28:20] [INFO] [tushare-collect] ==================================================
[2026-02-11 13:28:20] [INFO] [tushare-collect] 开始执行定时任务
[2026-02-11 13:28:20] [INFO] [tushare-collect] 执行时间: 2026-02-11 13:28:20.561434
[2026-02-11 13:28:20] [INFO] [tushare-collect] ==================================================
[2026-02-11 13:28:20] [INFO] [tushare-collect] 开始采集Tushare数据: weekly
[2026-02-11 13:28:21] [INFO] [tushare-collect] 成功采集weekly数据，数据为空
[2026-02-11 13:28:21] [WARNING] [tushare-collect] 无数据需要保存(weekly)
[2026-02-11 13:28:21] [INFO] [tushare-collect] ==================================================
[2026-02-11 13:28:21] [INFO] [tushare-collect] 定时任务完成
[2026-02-11 13:28:21] [INFO] [tushare-collect] ==================================================
[2026-02-11 13:28:49] [INFO] [tushare-collect] ==================================================
[2026-02-11 13:28:49] [INFO] [tushare-collect] 开始执行定时任务
[2026-02-11 13:28:49] [INFO] [tushare-collect] 执行时间: 2026-02-11 13:28:49.901689
[2026-02-11 13:28:49] [INFO] [tushare-collect] ==================================================
[2026-02-11 13:28:49] [INFO] [tushare-collect] 开始采集Tushare数据: weekly
[2026-02-11 13:28:50] [INFO] [tushare-collect] 成功采集weekly数据，数据为空
[2026-02-11 13:28:50] [WARNING] [tushare-collect] 无数据需要保存(weekly)
[2026-02-11 13:28:50] [INFO] [tushare-collect] ==================================================
[2026-02-11 13:28:50] [INFO] [tushare-collect] 定时任务完成
[2026-02-11 13:28:50] [INFO] [tushare-collect] ==================================================
[2026-02-11 13:29:11] [INFO] [tushare-collect] ==================================================
[2026-02-11 13:29:11] [INFO] [tushare-collect] 开始执行定时任务
[2026-02-11 13:29:11] [INFO] [tushare-collect] 执行时间: 2026-02-11 13:29:11.621589
[2026-02-11 13:29:11] [INFO] [tushare-collect] ==================================================
[2026-02-11 13:29:11] [INFO] [tushare-collect] 开始采集Tushare数据: weekly
[2026-02-11 13:29:13] [INFO] [tushare-collect] 成功采集5551条weekly数据
[2026-02-11 13:29:14] [INFO] [tushare-collect] upsert 受影响 5551 行
[2026-02-11 13:29:14] [INFO] [tushare-collect] 保存 5551 条数据到aistockzml_tushare_weekly，模式: incremental
[2026-02-11 13:29:14] [INFO] [tushare-collect] ==================================================
[2026-02-11 13:29:14] [INFO] [tushare-collect] 定时任务完成
[2026-02-11 13:29:14] [INFO] [tushare-collect] ==================================================
[2026-02-11 13:31:57] [INFO] [tushare-collect] ==================================================
[2026-02-11 13:31:57] [INFO] [tushare-collect] 开始执行定时任务
[2026-02-11 13:31:57] [INFO] [tushare-collect] 执行时间: 2026-02-11 13:31:57.081678
[2026-02-11 13:31:57] [INFO] [tushare-collect] ==================================================
[2026-02-11 13:31:57] [INFO] [tushare-collect] 开始采集Tushare数据: weekly
[2026-02-11 13:31:58] [INFO] [tushare-collect] 成功采集5551条weekly数据
[2026-02-11 13:32:00] [INFO] [tushare-collect] upsert 受影响 5551 行
[2026-02-11 13:32:00] [INFO] [tushare-collect] 保存 5551 条数据到aistockzml_tushare_weekly，模式: incremental
[2026-02-11 13:32:00] [INFO] [tushare-collect] ==================================================
[2026-02-11 13:32:00] [INFO] [tushare-collect] 定时任务完成
[2026-02-11 13:32:00] [INFO] [tushare-collect] ==================================================
[2026-02-11 13:48:23] [INFO] [tushare-collect] ==================================================
[2026-02-11 13:48:23] [INFO] [tushare-collect] 开始执行定时任务
[2026-02-11 13:48:23] [INFO] [tushare-collect] 执行时间: 2026-02-11 13:48:23.939789
[2026-02-11 13:48:23] [INFO] [tushare-collect] ==================================================
[2026-02-11 13:48:23] [INFO] [tushare-collect] 开始采集Tushare数据: monthly
[2026-02-11 13:48:25] [INFO] [tushare-collect] 成功采集5557条monthly数据
[2026-02-11 13:48:27] [INFO] [tushare-collect] upsert 受影响 5557 行
[2026-02-11 13:48:27] [INFO] [tushare-collect] 保存 5557 条数据到aistockzml_tushare_monthly，模式: incremental
[2026-02-11 13:48:27] [INFO] [tushare-collect] ==================================================
[2026-02-11 13:48:27] [INFO] [tushare-collect] 定时任务完成
[2026-02-11 13:48:27] [INFO] [tushare-collect] ==================================================
[2026-02-11 14:07:45] [INFO] [tushare-collect] ==================================================
[2026-02-11 14:07:45] [INFO] [tushare-collect] 开始执行定时任务
[2026-02-11 14:07:45] [INFO] [tushare-collect] 执行时间: 2026-02-11 14:07:45.143718
[2026-02-11 14:07:45] [INFO] [tushare-collect] ==================================================
[2026-02-11 14:07:45] [INFO] [tushare-collect] 采集参数: {'method': 'stk_weekly_monthly', 'trade_date': '20260210', 'fields': '*', 'freq': 'week'}
[2026-02-11 14:07:45] [INFO] [tushare-collect] 开始采集Tushare数据: stk_weekly_monthly
[2026-02-11 14:07:45] [INFO] [tushare-collect] 成功采集stk_weekly_monthly数据，数据为空
[2026-02-11 14:07:45] [WARNING] [tushare-collect] 无数据需要保存(stk_weekly_adj)
[2026-02-11 14:07:45] [INFO] [tushare-collect] ==================================================
[2026-02-11 14:07:45] [INFO] [tushare-collect] 定时任务完成
[2026-02-11 14:07:45] [INFO] [tushare-collect] ==================================================
[2026-02-11 14:36:43] [INFO] [tushare-collect] ==================================================
[2026-02-11 14:36:43] [INFO] [tushare-collect] 开始执行定时任务
[2026-02-11 14:36:43] [INFO] [tushare-collect] 执行时间: 2026-02-11 14:36:43.946088
[2026-02-11 14:36:43] [INFO] [tushare-collect] ==================================================
[2026-02-11 14:36:43] [INFO] [tushare-collect] 采集参数: {'method': 'stk_weekly_monthly', 'trade_date': '20260213', 'fields': '*', 'freq': 'week'}
[2026-02-11 14:36:43] [INFO] [tushare-collect] 开始采集Tushare数据: stk_weekly_monthly
[2026-02-11 14:36:48] [INFO] [tushare-collect] 成功采集5471条stk_weekly_monthly数据
[2026-02-11 14:36:49] [ERROR] [tushare-collect] 保存数据失败: 批量Upsert失败: (1054, "Unknown column 'freq' in 'field list'")
[2026-02-11 14:36:49] [INFO] [tushare-collect] ==================================================
[2026-02-11 14:36:49] [INFO] [tushare-collect] 定时任务完成
[2026-02-11 14:36:49] [INFO] [tushare-collect] ==================================================
[2026-02-11 14:56:20] [INFO] [tushare-collect] ==================================================
[2026-02-11 14:56:20] [INFO] [tushare-collect] 开始执行定时任务
[2026-02-11 14:56:20] [INFO] [tushare-collect] 执行时间: 2026-02-11 14:56:20.654742
[2026-02-11 14:56:20] [INFO] [tushare-collect] ==================================================
[2026-02-11 14:56:20] [INFO] [tushare-collect] 采集参数: {'method': 'stk_weekly_monthly', 'trade_date': '20260213', 'fields': '*', 'freq': 'week'}
[2026-02-11 14:56:20] [INFO] [tushare-collect] 开始采集Tushare数据: stk_weekly_monthly
[2026-02-11 14:56:50] [ERROR] [tushare-collect] 采集stk_weekly_monthly数据失败: HTTPConnectionPool(host='lianghua.9vvn.com', port=80): Read timed out. (read timeout=30)
[2026-02-11 14:56:50] [WARNING] [tushare-collect] 无数据需要保存(stk_weekly_unadj)
[2026-02-11 14:56:50] [INFO] [tushare-collect] ==================================================
[2026-02-11 14:56:50] [INFO] [tushare-collect] 定时任务完成
[2026-02-11 14:56:50] [INFO] [tushare-collect] ==================================================
[2026-02-11 14:59:54] [INFO] [tushare-collect] ==================================================
[2026-02-11 14:59:55] [INFO] [tushare-collect] 开始执行定时任务
[2026-02-11 14:59:55] [INFO] [tushare-collect] 执行时间: 2026-02-11 14:59:55.004764
[2026-02-11 14:59:55] [INFO] [tushare-collect] ==================================================
[2026-02-11 14:59:55] [INFO] [tushare-collect] 采集参数: {'method': 'stk_weekly_monthly', 'trade_date': '20260213', 'fields': '*', 'freq': 'week'}
[2026-02-11 14:59:55] [INFO] [tushare-collect] 开始采集Tushare数据: stk_weekly_monthly
[2026-02-11 14:59:56] [INFO] [tushare-collect] 成功采集5471条stk_weekly_monthly数据
[2026-02-11 14:59:57] [INFO] [tushare-collect] upsert 受影响 5471 行
[2026-02-11 14:59:57] [INFO] [tushare-collect] 保存 5471 条数据到aistockzml_tushare_stk_weekly_unadj，模式: incremental
[2026-02-11 14:59:57] [INFO] [tushare-collect] [stk_weekly_unadj] 数据保存成功
[2026-02-11 14:59:57] [INFO] [tushare-collect] ==================================================
[2026-02-11 14:59:57] [INFO] [tushare-collect] 定时任务完成
[2026-02-11 14:59:57] [INFO] [tushare-collect] ==================================================
[2026-02-11 15:24:04] [INFO] [tushare-collect] ==================================================
[2026-02-11 15:24:04] [INFO] [tushare-collect] 开始执行定时任务
[2026-02-11 15:24:04] [INFO] [tushare-collect] 执行时间: 2026-02-11 15:24:04.569264
[2026-02-11 15:24:04] [INFO] [tushare-collect] ==================================================
[2026-02-11 15:24:04] [INFO] [tushare-collect] 采集参数: {'method': 'stk_weekly_monthly', 'trade_date': '20260228', 'fields': '*', 'freq': 'month'}
[2026-02-11 15:24:04] [INFO] [tushare-collect] 开始采集Tushare数据: stk_weekly_monthly
[2026-02-11 15:24:06] [INFO] [tushare-collect] 成功采集5479条stk_weekly_monthly数据
[2026-02-11 15:24:07] [INFO] [tushare-collect] upsert 受影响 5479 行
[2026-02-11 15:24:07] [INFO] [tushare-collect] 保存 5479 条数据到aistockzml_tushare_stk_monthly_unadj，模式: incremental
[2026-02-11 15:24:07] [INFO] [tushare-collect] [stk_monthly_unadj] 数据保存成功
[2026-02-11 15:24:07] [INFO] [tushare-collect] ==================================================
[2026-02-11 15:24:07] [INFO] [tushare-collect] 定时任务完成
[2026-02-11 15:24:07] [INFO] [tushare-collect] ==================================================
[2026-02-11 15:24:53] [INFO] [tushare-collect] ==================================================
[2026-02-11 15:24:53] [INFO] [tushare-collect] 开始执行定时任务
[2026-02-11 15:24:53] [INFO] [tushare-collect] 执行时间: 2026-02-11 15:24:53.662282
[2026-02-11 15:24:53] [INFO] [tushare-collect] ==================================================
[2026-02-11 15:24:53] [INFO] [tushare-collect] 采集参数: {'method': 'stk_weekly_monthly', 'trade_date': '20260228', 'fields': '*', 'freq': 'month'}
[2026-02-11 15:24:53] [INFO] [tushare-collect] 开始采集Tushare数据: stk_weekly_monthly
[2026-02-11 15:24:55] [INFO] [tushare-collect] 成功采集5479条stk_weekly_monthly数据
[2026-02-11 15:24:56] [INFO] [tushare-collect] upsert 受影响 5479 行
[2026-02-11 15:24:56] [INFO] [tushare-collect] 保存 5479 条数据到aistockzml_tushare_stk_monthly_unadj，模式: incremental
[2026-02-11 15:24:56] [INFO] [tushare-collect] [stk_monthly_unadj] 数据保存成功
[2026-02-11 15:24:56] [INFO] [tushare-collect] ==================================================
[2026-02-11 15:24:56] [INFO] [tushare-collect] 定时任务完成
[2026-02-11 15:24:56] [INFO] [tushare-collect] ==================================================
[2026-02-11 15:40:28] [INFO] [tushare-collect] ==================================================
[2026-02-11 15:40:28] [INFO] [tushare-collect] 开始执行定时任务
[2026-02-11 15:40:28] [INFO] [tushare-collect] 执行时间: 2026-02-11 15:40:28.321443
[2026-02-11 15:40:28] [INFO] [tushare-collect] ==================================================
[2026-02-11 15:40:28] [INFO] [tushare-collect] 采集参数: {'method': 'stk_weekly_monthly', 'trade_date': '20260213', 'fields': '*', 'freq': 'week'}
[2026-02-11 15:40:28] [INFO] [tushare-collect] 开始采集Tushare数据: stk_weekly_monthly
[2026-02-11 15:40:58] [ERROR] [tushare-collect] 采集stk_weekly_monthly数据失败: HTTPConnectionPool(host='lianghua.9vvn.com', port=80): Read timed out. (read timeout=30)
[2026-02-11 15:40:58] [INFO] [tushare-collect] [stk_weekly_adj] 无数据需要保存
[2026-02-11 15:40:58] [INFO] [tushare-collect] ==================================================
[2026-02-11 15:40:58] [INFO] [tushare-collect] 定时任务完成
[2026-02-11 15:40:58] [INFO] [tushare-collect] ==================================================
[2026-02-11 15:46:36] [INFO] [tushare-collect] ==================================================
[2026-02-11 15:46:36] [INFO] [tushare-collect] 开始执行定时任务
[2026-02-11 15:46:36] [INFO] [tushare-collect] 执行时间: 2026-02-11 15:46:36.286514
[2026-02-11 15:46:36] [INFO] [tushare-collect] ==================================================
[2026-02-11 15:46:36] [INFO] [tushare-collect] 采集参数: {'method': 'stk_weekly_monthly', 'trade_date': '20260213', 'fields': '*', 'freq': 'week'}
[2026-02-11 15:46:36] [INFO] [tushare-collect] 开始采集Tushare数据: stk_weekly_monthly
[2026-02-11 15:46:38] [INFO] [tushare-collect] 成功采集5471条stk_weekly_monthly数据
[2026-02-11 15:46:40] [INFO] [tushare-collect] upsert 受影响 5471 行
[2026-02-11 15:46:40] [INFO] [tushare-collect] 保存 5471 条数据到aistockzml_tushare_stk_weekly_adj，模式: incremental
[2026-02-11 15:46:40] [INFO] [tushare-collect] [stk_weekly_adj] 数据保存成功
[2026-02-11 15:46:40] [INFO] [tushare-collect] ==================================================
[2026-02-11 15:46:40] [INFO] [tushare-collect] 定时任务完成
[2026-02-11 15:46:40] [INFO] [tushare-collect] ==================================================
[2026-02-11 16:01:12] [INFO] [tushare-collect] ==================================================
[2026-02-11 16:01:12] [INFO] [tushare-collect] 开始执行定时任务
[2026-02-11 16:01:12] [INFO] [tushare-collect] 执行时间: 2026-02-11 16:01:12.496824
[2026-02-11 16:01:12] [INFO] [tushare-collect] ==================================================
[2026-02-11 16:01:12] [INFO] [tushare-collect] 采集参数: {'method': 'stk_weekly_monthly', 'trade_date': '20260228', 'fields': '*', 'freq': 'month'}
[2026-02-11 16:01:12] [INFO] [tushare-collect] 开始采集Tushare数据: stk_weekly_monthly
[2026-02-11 16:01:14] [INFO] [tushare-collect] 成功采集5479条stk_weekly_monthly数据
[2026-02-11 16:01:14] [ERROR] [tushare-collect] 保存数据失败: 批量Upsert失败: (1054, "Unknown column 'close' in 'field list'")
[2026-02-11 16:01:14] [WARNING] [tushare-collect] [stk_monthly_adj] 数据保存返回失败，准备重试
[2026-02-11 16:01:14] [INFO] [tushare-collect] [stk_monthly_adj] 等待5秒后进行第2次重试...
[2026-02-11 16:06:21] [INFO] [tushare-collect] ==================================================
[2026-02-11 16:06:21] [INFO] [tushare-collect] 开始执行定时任务
[2026-02-11 16:06:21] [INFO] [tushare-collect] 执行时间: 2026-02-11 16:06:21.233636
[2026-02-11 16:06:21] [INFO] [tushare-collect] ==================================================
[2026-02-11 16:06:21] [INFO] [tushare-collect] 采集参数: {'method': 'stk_weekly_monthly', 'trade_date': '20260228', 'fields': '*', 'freq': 'month'}
[2026-02-11 16:06:21] [INFO] [tushare-collect] 开始采集Tushare数据: stk_weekly_monthly
[2026-02-11 16:06:22] [INFO] [tushare-collect] 成功采集5479条stk_weekly_monthly数据
[2026-02-11 16:06:23] [ERROR] [tushare-collect] 保存数据失败: 批量Upsert失败: (1054, "Unknown column 'close' in 'field list'")
[2026-02-11 16:06:23] [WARNING] [tushare-collect] [stk_monthly_adj] 数据保存返回失败，准备重试
[2026-02-11 16:06:23] [INFO] [tushare-collect] [stk_monthly_adj] 等待5秒后进行第2次重试...
[2026-02-11 16:06:28] [INFO] [tushare-collect] 开始采集Tushare数据: stk_weekly_monthly
[2026-02-11 16:06:30] [INFO] [tushare-collect] 成功采集5479条stk_weekly_monthly数据
[2026-02-11 16:06:31] [ERROR] [tushare-collect] 保存数据失败: 批量Upsert失败: (1054, "Unknown column 'close' in 'field list'")
[2026-02-11 16:06:31] [WARNING] [tushare-collect] [stk_monthly_adj] 数据保存返回失败，准备重试
[2026-02-11 16:06:31] [INFO] [tushare-collect] [stk_monthly_adj] 等待5秒后进行第3次重试...
[2026-02-11 16:06:36] [INFO] [tushare-collect] 开始采集Tushare数据: stk_weekly_monthly
[2026-02-11 16:06:39] [INFO] [tushare-collect] 成功采集5479条stk_weekly_monthly数据
[2026-02-11 16:06:40] [ERROR] [tushare-collect] 保存数据失败: 批量Upsert失败: (1054, "Unknown column 'close' in 'field list'")
[2026-02-11 16:06:40] [WARNING] [tushare-collect] [stk_monthly_adj] 数据保存返回失败，准备重试
[2026-02-11 16:06:40] [INFO] [tushare-collect] [stk_monthly_adj] 等待5秒后进行第4次重试...
[2026-02-11 16:10:30] [INFO] [tushare-collect] ==================================================
[2026-02-11 16:10:30] [INFO] [tushare-collect] 开始执行定时任务
[2026-02-11 16:10:30] [INFO] [tushare-collect] 执行时间: 2026-02-11 16:10:30.285125
[2026-02-11 16:10:30] [INFO] [tushare-collect] ==================================================
[2026-02-11 16:10:30] [INFO] [tushare-collect] 采集参数: {'method': 'stk_weekly_monthly', 'trade_date': '20260228', 'fields': '*', 'freq': 'month'}
[2026-02-11 16:10:30] [INFO] [tushare-collect] 开始采集Tushare数据: stk_weekly_monthly
[2026-02-11 16:10:32] [INFO] [tushare-collect] 成功采集5479条stk_weekly_monthly数据
[2026-02-11 16:10:33] [INFO] [tushare-collect] upsert 受影响 5479 行
[2026-02-11 16:10:33] [INFO] [tushare-collect] 保存 5479 条数据到aistockzml_tushare_stk_monthly_adj，模式: incremental
[2026-02-11 16:10:33] [INFO] [tushare-collect] [stk_monthly_adj] 数据保存成功
[2026-02-11 16:10:33] [INFO] [tushare-collect] ==================================================
[2026-02-11 16:10:33] [INFO] [tushare-collect] 定时任务完成
[2026-02-11 16:10:33] [INFO] [tushare-collect] ==================================================
[2026-02-11 16:11:50] [INFO] [tushare-collect] ==================================================
[2026-02-11 16:11:50] [INFO] [tushare-collect] 开始执行定时任务
[2026-02-11 16:11:50] [INFO] [tushare-collect] 执行时间: 2026-02-11 16:11:50.338626
[2026-02-11 16:11:50] [INFO] [tushare-collect] ==================================================
[2026-02-11 16:11:50] [INFO] [tushare-collect] 采集参数: {'method': 'stk_weekly_monthly', 'trade_date': '20260131', 'fields': '*', 'freq': 'month'}
[2026-02-11 16:11:50] [INFO] [tushare-collect] 开始采集Tushare数据: stk_weekly_monthly
[2026-02-11 16:11:51] [INFO] [tushare-collect] 成功采集5478条stk_weekly_monthly数据
[2026-02-11 16:11:53] [INFO] [tushare-collect] upsert 受影响 5478 行
[2026-02-11 16:11:53] [INFO] [tushare-collect] 保存 5478 条数据到aistockzml_tushare_stk_monthly_adj，模式: incremental
[2026-02-11 16:11:53] [INFO] [tushare-collect] [stk_monthly_adj] 数据保存成功
[2026-02-11 16:11:53] [INFO] [tushare-collect] ==================================================
[2026-02-11 16:11:53] [INFO] [tushare-collect] 定时任务完成
[2026-02-11 16:11:53] [INFO] [tushare-collect] ==================================================
[2026-02-11 16:27:18] [INFO] [tushare-collect] ==================================================
[2026-02-11 16:27:18] [INFO] [tushare-collect] 开始执行定时任务
[2026-02-11 16:27:18] [INFO] [tushare-collect] 执行时间: 2026-02-11 16:27:18.545455
[2026-02-11 16:27:18] [INFO] [tushare-collect] ==================================================
[2026-02-11 16:27:18] [INFO] [tushare-collect] 采集参数: {'method': 'stk_weekly_monthly', 'trade_date': '20260131', 'fields': '*', 'freq': 'month'}
[2026-02-11 16:27:18] [INFO] [tushare-collect] 开始采集Tushare数据: stk_weekly_monthly
[2026-02-11 16:27:20] [INFO] [tushare-collect] 成功采集5478条stk_weekly_monthly数据
[2026-02-11 16:27:21] [INFO] [tushare-collect] upsert 受影响 5478 行
[2026-02-11 16:27:21] [INFO] [tushare-collect] 保存 5478 条数据到aistockzml_tushare_stk_monthly_adj，模式: incremental
[2026-02-11 16:27:21] [INFO] [tushare-collect] [stk_monthly_adj] 数据保存成功
[2026-02-11 16:27:21] [INFO] [tushare-collect] ==================================================
[2026-02-11 16:27:21] [INFO] [tushare-collect] 定时任务完成
[2026-02-11 16:27:21] [INFO] [tushare-collect] ==================================================
[2026-02-11 16:36:16] [INFO] [tushare-collect] ==================================================
[2026-02-11 16:36:16] [INFO] [tushare-collect] 开始执行定时任务
[2026-02-11 16:36:16] [INFO] [tushare-collect] 执行时间: 2026-02-11 16:36:16.357459
[2026-02-11 16:36:16] [INFO] [tushare-collect] ==================================================
[2026-02-11 16:36:16] [INFO] [tushare-collect] 采集参数: {'method': 'stk_weekly_monthly', 'trade_date': '20260131', 'fields': '*', 'freq': 'month'}
[2026-02-11 16:36:16] [INFO] [tushare-collect] 开始采集Tushare数据: stk_weekly_monthly
[2026-02-11 16:36:17] [INFO] [tushare-collect] 成功采集5478条stk_weekly_monthly数据
[2026-02-11 16:36:17] [ERROR] [tushare-collect] [stk_monthly_adj] 第1次尝试失败: "None of [Index(['TS_CODE', 'OPEN', 'PRE_CLOSE', 'VOL', 'AMOUNT', 'HIGH', 'LOW',\n       'TRADE_DATE', 'CHANGE', 'etl_time', 'CLOSE', 'LOW_QFQ', 'CLOSE_QFQ',\n       'CLOSE_HFQ', 'END_DATE', 'OPEN_QFQ', 'PCT_CHG', 'FREQ', 'HIGH_QFQ',\n       'OPEN_HFQ', 'HIGH_HFQ', 'LOW_HFQ'],\n      dtype='object')] are in the [columns]"
[2026-02-11 16:36:17] [INFO] [tushare-collect] [stk_monthly_adj] 等待5秒后进行第2次重试...
[2026-02-11 16:36:22] [INFO] [tushare-collect] 开始采集Tushare数据: stk_weekly_monthly
[2026-02-11 16:36:24] [INFO] [tushare-collect] 成功采集5478条stk_weekly_monthly数据
[2026-02-11 16:36:24] [ERROR] [tushare-collect] [stk_monthly_adj] 第2次尝试失败: "None of [Index(['TS_CODE', 'OPEN', 'PRE_CLOSE', 'VOL', 'AMOUNT', 'HIGH', 'LOW',\n       'TRADE_DATE', 'CHANGE', 'etl_time', 'CLOSE', 'LOW_QFQ', 'CLOSE_QFQ',\n       'CLOSE_HFQ', 'END_DATE', 'OPEN_QFQ', 'PCT_CHG', 'FREQ', 'HIGH_QFQ',\n       'OPEN_HFQ', 'HIGH_HFQ', 'LOW_HFQ'],\n      dtype='object')] are in the [columns]"
[2026-02-11 16:36:24] [INFO] [tushare-collect] [stk_monthly_adj] 等待5秒后进行第3次重试...
[2026-02-11 16:36:29] [INFO] [tushare-collect] 开始采集Tushare数据: stk_weekly_monthly
[2026-02-11 16:44:57] [INFO] [tushare-collect] ==================================================
[2026-02-11 16:44:57] [INFO] [tushare-collect] 开始执行定时任务
[2026-02-11 16:44:57] [INFO] [tushare-collect] 执行时间: 2026-02-11 16:44:57.222369
[2026-02-11 16:44:57] [INFO] [tushare-collect] ==================================================
[2026-02-11 16:44:57] [INFO] [tushare-collect] 采集参数: {'method': 'stk_weekly_monthly', 'trade_date': '20260131', 'fields': '*', 'freq': 'month'}
[2026-02-11 16:44:57] [INFO] [tushare-collect] 开始采集Tushare数据: stk_weekly_monthly
[2026-02-11 16:45:27] [ERROR] [tushare-collect] [stk_monthly_adj] 第1次尝试失败: HTTPConnectionPool(host='lianghua.9vvn.com', port=80): Read timed out. (read timeout=30)
[2026-02-11 16:45:27] [INFO] [tushare-collect] [stk_monthly_adj] 等待5秒后进行第2次重试...
[2026-02-11 16:45:32] [INFO] [tushare-collect] 开始采集Tushare数据: stk_weekly_monthly
[2026-02-11 16:45:34] [INFO] [tushare-collect] 成功采集5478条stk_weekly_monthly数据
[2026-02-11 16:45:37] [INFO] [tushare-collect] upsert 受影响 5478 行
[2026-02-11 16:45:37] [INFO] [tushare-collect] 保存 5478 条数据到aistockzml_tushare_stk_monthly_adj，模式: incremental
[2026-02-11 16:45:37] [INFO] [tushare-collect] [stk_monthly_adj] 数据保存成功
[2026-02-11 16:45:37] [INFO] [tushare-collect] ==================================================
[2026-02-11 16:45:37] [INFO] [tushare-collect] 定时任务完成
[2026-02-11 16:45:37] [INFO] [tushare-collect] ==================================================
[2026-02-11 16:47:51] [INFO] [tushare-collect] ==================================================
[2026-02-11 16:47:51] [INFO] [tushare-collect] 开始执行定时任务
[2026-02-11 16:47:51] [INFO] [tushare-collect] 执行时间: 2026-02-11 16:47:51.083613
[2026-02-11 16:47:51] [INFO] [tushare-collect] ==================================================
[2026-02-11 16:47:51] [INFO] [tushare-collect] 采集参数: {'method': 'stk_week_month_adj', 'trade_date': '20260131', 'fields': '*', 'freq': 'month'}
[2026-02-11 16:47:51] [INFO] [tushare-collect] 开始采集Tushare数据: stk_week_month_adj
[2026-02-11 16:47:59] [INFO] [tushare-collect] 成功采集5478条stk_week_month_adj数据
[2026-02-11 16:48:01] [INFO] [tushare-collect] upsert 受影响 5478 行
[2026-02-11 16:48:01] [INFO] [tushare-collect] 保存 5478 条数据到aistockzml_tushare_stk_monthly_adj，模式: incremental
[2026-02-11 16:48:01] [INFO] [tushare-collect] [stk_monthly_adj] 数据保存成功
[2026-02-11 16:48:01] [INFO] [tushare-collect] ==================================================
[2026-02-11 16:48:01] [INFO] [tushare-collect] 定时任务完成
[2026-02-11 16:48:01] [INFO] [tushare-collect] ==================================================
[2026-02-11 16:49:12] [INFO] [tushare-collect] ==================================================
[2026-02-11 16:49:12] [INFO] [tushare-collect] 开始执行定时任务
[2026-02-11 16:49:12] [INFO] [tushare-collect] 执行时间: 2026-02-11 16:49:12.836017
[2026-02-11 16:49:12] [INFO] [tushare-collect] ==================================================
[2026-02-11 16:49:12] [INFO] [tushare-collect] 采集参数: {'method': 'stk_week_month_adj', 'trade_date': '20260213', 'fields': '*', 'freq': 'week'}
[2026-02-11 16:49:12] [INFO] [tushare-collect] 开始采集Tushare数据: stk_week_month_adj
[2026-02-11 16:49:42] [ERROR] [tushare-collect] [stk_weekly_adj] 第1次尝试失败: HTTPConnectionPool(host='lianghua.9vvn.com', port=80): Read timed out. (read timeout=30)
[2026-02-11 16:49:42] [INFO] [tushare-collect] [stk_weekly_adj] 等待5秒后进行第2次重试...
[2026-02-11 16:49:47] [INFO] [tushare-collect] 开始采集Tushare数据: stk_week_month_adj
[2026-02-11 16:49:49] [INFO] [tushare-collect] 成功采集5471条stk_week_month_adj数据
[2026-02-11 16:49:50] [INFO] [tushare-collect] upsert 受影响 5471 行
[2026-02-11 16:49:50] [INFO] [tushare-collect] 保存 5471 条数据到aistockzml_tushare_stk_weekly_adj，模式: incremental
[2026-02-11 16:49:50] [INFO] [tushare-collect] [stk_weekly_adj] 数据保存成功
[2026-02-11 16:49:50] [INFO] [tushare-collect] ==================================================
[2026-02-11 16:49:50] [INFO] [tushare-collect] 定时任务完成
[2026-02-11 16:49:50] [INFO] [tushare-collect] ==================================================
[2026-02-11 17:03:07] [INFO] [tushare-collect] ==================================================
[2026-02-11 17:03:07] [INFO] [tushare-collect] 开始执行定时任务
[2026-02-11 17:03:07] [INFO] [tushare-collect] 执行时间: 2026-02-11 17:03:07.640114
[2026-02-11 17:03:07] [INFO] [tushare-collect] ==================================================
[2026-02-11 17:03:07] [INFO] [tushare-collect] 采集参数: {'method': 'daily_basic', 'trade_date': '20260211', 'fields': '*'}
[2026-02-11 17:03:07] [INFO] [tushare-collect] 开始采集Tushare数据: daily_basic
[2026-02-11 17:03:09] [INFO] [tushare-collect] 成功采集5470条daily_basic数据
[2026-02-11 17:03:11] [INFO] [tushare-collect] upsert 受影响 5470 行
[2026-02-11 17:03:11] [INFO] [tushare-collect] 保存 5470 条数据到aistockzml_tushare_daily_basic，模式: incremental
[2026-02-11 17:03:11] [INFO] [tushare-collect] ==================================================
[2026-02-11 17:03:11] [INFO] [tushare-collect] 定时任务完成
[2026-02-11 17:03:11] [INFO] [tushare-collect] ==================================================
[2026-02-11 17:13:26] [INFO] [tushare-collect] ==================================================
[2026-02-11 17:13:26] [INFO] [tushare-collect] 开始执行定时任务
[2026-02-11 17:13:26] [INFO] [tushare-collect] 执行时间: 2026-02-11 17:13:26.129936
[2026-02-11 17:13:26] [INFO] [tushare-collect] ==================================================
[2026-02-11 17:13:26] [INFO] [tushare-collect] 采集参数: {'method': 'daily_basic', 'trade_date': '20260210', 'fields': '*'}
[2026-02-11 17:13:26] [INFO] [tushare-collect] 开始采集Tushare数据: daily_basic
[2026-02-11 17:13:27] [INFO] [tushare-collect] 成功采集5470条daily_basic数据
[2026-02-11 17:13:29] [INFO] [tushare-collect] upsert 受影响 5470 行
[2026-02-11 17:13:29] [INFO] [tushare-collect] 保存 5470 条数据到aistockzml_tushare_daily_basic，模式: incremental
[2026-02-11 17:13:29] [INFO] [tushare-collect] ==================================================
[2026-02-11 17:13:29] [INFO] [tushare-collect] 定时任务完成
[2026-02-11 17:13:29] [INFO] [tushare-collect] ==================================================
[2026-02-11 17:28:50] [INFO] [tushare-collect] ==================================================
[2026-02-11 17:28:50] [INFO] [tushare-collect] 开始执行定时任务
[2026-02-11 17:28:50] [INFO] [tushare-collect] 执行时间: 2026-02-11 17:28:50.727271
[2026-02-11 17:28:50] [INFO] [tushare-collect] ==================================================
[2026-02-11 17:28:50] [INFO] [tushare-collect] 采集参数: {'method': 'ggt_daily', 'trade_date': '20260210', 'fields': '*'}
[2026-02-11 17:28:50] [INFO] [tushare-collect] 开始采集Tushare数据: ggt_daily
[2026-02-11 17:28:52] [INFO] [tushare-collect] 成功采集1条ggt_daily数据
[2026-02-11 17:28:52] [INFO] [tushare-collect] upsert 受影响 1 行
[2026-02-11 17:28:52] [INFO] [tushare-collect] 保存 1 条数据到aistockzml_tushare_ggt_daily，模式: incremental
[2026-02-11 17:28:52] [INFO] [tushare-collect] ==================================================
[2026-02-11 17:28:52] [INFO] [tushare-collect] 定时任务完成
[2026-02-11 17:28:52] [INFO] [tushare-collect] ==================================================
